
[38;2;10;191;131m   ZisK zkVM 1.2.0-alpha[0m
      System Darwin 25.6.0 (macOS 26.6.2)
    Hostname [MEASUREMENT_HOST]
     Command Prove
         Elf [ZISK_CHECKOUT]/elf-regressions/prebuilt-elfs/cpp_static_init.elf
       Input None
    Emulator Running in emulator mode
 Proving Key [ZISK_HOME]/provingKey
   SNARK Key [ZISK_HOME]/provingKeySnark

2026-09-15T01:18:58.328769Z proofman_common::proof_ctx INFO: Creating proof context
2026-09-15T01:18:58.328836Z proofman_common::global_info DEBUG: ··· Loading GlobalInfo JSON [ZISK_HOME]/provingKey
2026-09-15T01:18:58.328982Z proofman_common::proof_ctx INFO: Using hash function: Poseidon1
2026-09-15T01:18:58.332803Z proofman::proofman INFO: >>> INITIALIZING_PROOFMAN
2026-09-15T01:19:11.886435Z proofman_common::setup_ctx DEBUG: Recursive buffer requirement: compressor 5.58 GB, recursive1 1016.05 MB, recursive2 1016.05 MB, vadcop_final 992.05 MB, vadcop_final_compressed 540.05 MB
2026-09-15T01:19:11.886501Z proofman_common::proof_ctx INFO: Max prover buffer size: 18.82 GB
2026-09-15T01:19:11.886503Z proofman_common::proof_ctx INFO: Max prover recursive buffer size: 5.58 GB
2026-09-15T01:19:11.886504Z proofman_common::proof_ctx INFO: Max prover recursive1/recursive2 buffer size: 1016.05 MB
2026-09-15T01:19:11.886575Z proofman::utils DEBUG: Const tree regeneration needed for [0:0]
2026-09-15T01:19:11.886581Z proofman::utils DEBUG: Const tree regeneration needed for [0:1]
2026-09-15T01:19:11.886585Z proofman::utils DEBUG: Const tree regeneration needed for [0:2]
2026-09-15T01:19:11.886591Z proofman::utils DEBUG: Const tree regeneration needed for [0:3]
2026-09-15T01:19:11.886595Z proofman::utils DEBUG: Const tree regeneration needed for [0:4]
2026-09-15T01:19:11.886599Z proofman::utils DEBUG: Const tree regeneration needed for [0:5]
2026-09-15T01:19:11.886604Z proofman::utils DEBUG: Const tree regeneration needed for [0:6]
2026-09-15T01:19:11.886611Z proofman::utils DEBUG: Const tree regeneration needed for [0:7]
2026-09-15T01:19:11.886617Z proofman::utils DEBUG: Const tree regeneration needed for [0:8]
2026-09-15T01:19:11.886622Z proofman::utils DEBUG: Const tree regeneration needed for [0:9]
2026-09-15T01:19:11.886627Z proofman::utils DEBUG: Const tree regeneration needed for [0:10]
2026-09-15T01:19:11.886631Z proofman::utils DEBUG: Const tree regeneration needed for [0:11]
2026-09-15T01:19:11.886636Z proofman::utils DEBUG: Const tree regeneration needed for [0:12]
2026-09-15T01:19:11.886640Z proofman::utils DEBUG: Const tree regeneration needed for [0:13]
2026-09-15T01:19:11.886643Z proofman::utils DEBUG: Const tree regeneration needed for [0:14]
2026-09-15T01:19:11.886648Z proofman::utils DEBUG: Const tree regeneration needed for [0:15]
2026-09-15T01:19:11.886652Z proofman::utils DEBUG: Const tree regeneration needed for [0:16]
2026-09-15T01:19:11.886656Z proofman::utils DEBUG: Const tree regeneration needed for [0:17]
2026-09-15T01:19:11.886660Z proofman::utils DEBUG: Const tree regeneration needed for [0:18]
2026-09-15T01:19:11.886665Z proofman::utils DEBUG: Const tree regeneration needed for [0:19]
2026-09-15T01:19:11.886673Z proofman::utils DEBUG: Const tree regeneration needed for [0:20]
2026-09-15T01:19:11.886678Z proofman::utils DEBUG: Const tree regeneration needed for [0:21]
2026-09-15T01:19:11.886682Z proofman::utils DEBUG: Const tree regeneration needed for [0:22]
2026-09-15T01:19:11.886687Z proofman::utils DEBUG: Const tree regeneration needed for [0:23]
2026-09-15T01:19:11.886691Z proofman::utils DEBUG: Const tree regeneration needed for [0:24]
2026-09-15T01:19:11.886695Z proofman::utils DEBUG: Const tree regeneration needed for [0:25]
2026-09-15T01:19:11.886699Z proofman::utils DEBUG: Const tree regeneration needed for [0:26]
2026-09-15T01:19:11.886704Z proofman::utils DEBUG: Const tree regeneration needed for [0:27]
2026-09-15T01:19:11.886709Z proofman::utils DEBUG: Const tree regeneration needed for [0:28]
2026-09-15T01:19:11.886714Z proofman::utils DEBUG: Const tree regeneration needed for [0:29]
2026-09-15T01:19:11.886719Z proofman::utils DEBUG: Const tree regeneration needed for [0:30]
2026-09-15T01:19:11.886724Z proofman::utils DEBUG: Const tree regeneration needed for [0:31]
2026-09-15T01:19:11.886728Z proofman::utils DEBUG: Const tree regeneration needed for [0:32]
2026-09-15T01:19:11.886733Z proofman::utils DEBUG: Const tree regeneration needed for [0:33]
2026-09-15T01:19:11.886738Z proofman::utils DEBUG: Const tree regeneration needed for [0:34]
2026-09-15T01:19:11.886743Z proofman::utils DEBUG: Const tree regeneration needed for [0:35]
2026-09-15T01:19:11.886747Z proofman::utils DEBUG: Const tree regeneration needed for [0:36]
2026-09-15T01:19:11.886752Z proofman::utils DEBUG: Const tree regeneration needed for [0:37]
2026-09-15T01:19:11.886756Z proofman::utils DEBUG: Const tree regeneration needed for [0:38]
2026-09-15T01:19:11.886762Z proofman::utils DEBUG: Const tree regeneration needed for [0:39]
2026-09-15T01:19:11.886766Z proofman::utils DEBUG: Const tree regeneration needed for [0:40]
2026-09-15T01:19:11.886771Z proofman::utils DEBUG: Const tree regeneration needed for [0:41]
2026-09-15T01:19:11.886794Z proofman::proofman INFO: Regenerating constant trees (one-time setup)...
2026-09-15T01:19:11.886800Z proofman::proofman INFO: >>> REGENERATING_CONST_TREE
2026-09-15T01:19:11.886803Z proofman::utils TRACE: Constant tree file '[ZISK_HOME]/provingKey/zisk/Zisk/airs/Main/air/Main.consttree' does not exist. Generating...
[TRACE] PilStark: --> WRITING_TREE_FILE starting...
[TRACE] PilStark: <-- WRITING_TREE_FILE done: 0.152432 s
2026-09-15T01:19:15.673621Z proofman::utils TRACE: Successfully generated constant tree file '[ZISK_HOME]/provingKey/zisk/Zisk/airs/Main/air/Main.consttree'
2026-09-15T01:19:15.680608Z proofman::utils TRACE: Constant tree file '[ZISK_HOME]/provingKey/zisk/Zisk/airs/Rom/air/Rom.consttree' does not exist. Generating...
[TRACE] PilStark: --> WRITING_TREE_FILE starting...
[TRACE] PilStark: <-- WRITING_TREE_FILE done: 0.099170 s
2026-09-15T01:19:19.521968Z proofman::utils TRACE: Successfully generated constant tree file '[ZISK_HOME]/provingKey/zisk/Zisk/airs/Rom/air/Rom.consttree'
2026-09-15T01:19:19.526647Z proofman::utils TRACE: Constant tree file '[ZISK_HOME]/provingKey/zisk/Zisk/airs/Mem/air/Mem.consttree' does not exist. Generating...
[TRACE] PilStark: --> WRITING_TREE_FILE starting...
[TRACE] PilStark: <-- WRITING_TREE_FILE done: 0.105273 s
2026-09-15T01:19:23.175894Z proofman::utils TRACE: Successfully generated constant tree file '[ZISK_HOME]/provingKey/zisk/Zisk/airs/Mem/air/Mem.consttree'
2026-09-15T01:19:23.180401Z proofman::utils TRACE: Constant tree file '[ZISK_HOME]/provingKey/zisk/Zisk/airs/InputData/air/InputData.consttree' does not exist. Generating...
[TRACE] PilStark: --> WRITING_TREE_FILE starting...
[TRACE] PilStark: <-- WRITING_TREE_FILE done: 0.052701 s
2026-09-15T01:19:25.053463Z proofman::utils TRACE: Successfully generated constant tree file '[ZISK_HOME]/provingKey/zisk/Zisk/airs/InputData/air/InputData.consttree'
2026-09-15T01:19:25.055787Z proofman::utils TRACE: Constant tree file '[ZISK_HOME]/provingKey/zisk/Zisk/airs/RomData/air/RomData.consttree' does not exist. Generating...
[TRACE] PilStark: --> WRITING_TREE_FILE starting...
[TRACE] PilStark: <-- WRITING_TREE_FILE done: 0.038588 s
2026-09-15T01:19:26.850202Z proofman::utils TRACE: Successfully generated constant tree file '[ZISK_HOME]/provingKey/zisk/Zisk/airs/RomData/air/RomData.consttree'
2026-09-15T01:19:26.852394Z proofman::utils TRACE: Constant tree file '[ZISK_HOME]/provingKey/zisk/Zisk/airs/MemAlign/air/MemAlign.consttree' does not exist. Generating...
[TRACE] PilStark: --> WRITING_TREE_FILE starting...
[TRACE] PilStark: <-- WRITING_TREE_FILE done: 0.051614 s
2026-09-15T01:19:28.635336Z proofman::utils TRACE: Successfully generated constant tree file '[ZISK_HOME]/provingKey/zisk/Zisk/airs/MemAlign/air/MemAlign.consttree'
2026-09-15T01:19:28.638114Z proofman::utils TRACE: Constant tree file '[ZISK_HOME]/provingKey/zisk/Zisk/airs/MemAlignByte/air/MemAlignByte.consttree' does not exist. Generating...
[TRACE] PilStark: --> WRITING_TREE_FILE starting...
[TRACE] PilStark: <-- WRITING_TREE_FILE done: 0.071850 s
2026-09-15T01:19:32.138539Z proofman::utils TRACE: Successfully generated constant tree file '[ZISK_HOME]/provingKey/zisk/Zisk/airs/MemAlignByte/air/MemAlignByte.consttree'
2026-09-15T01:19:32.143156Z proofman::utils TRACE: Constant tree file '[ZISK_HOME]/provingKey/zisk/Zisk/airs/MemAlignReadByte/air/MemAlignReadByte.consttree' does not exist. Generating...
[TRACE] PilStark: --> WRITING_TREE_FILE starting...
[TRACE] PilStark: <-- WRITING_TREE_FILE done: 0.081352 s
2026-09-15T01:19:35.699426Z proofman::utils TRACE: Successfully generated constant tree file '[ZISK_HOME]/provingKey/zisk/Zisk/airs/MemAlignReadByte/air/MemAlignReadByte.consttree'
2026-09-15T01:19:35.703996Z proofman::utils TRACE: Constant tree file '[ZISK_HOME]/provingKey/zisk/Zisk/airs/MemAlignWriteByte/air/MemAlignWriteByte.consttree' does not exist. Generating...
[TRACE] PilStark: --> WRITING_TREE_FILE starting...
[TRACE] PilStark: <-- WRITING_TREE_FILE done: 0.088874 s
2026-09-15T01:19:39.438528Z proofman::utils TRACE: Successfully generated constant tree file '[ZISK_HOME]/provingKey/zisk/Zisk/airs/MemAlignWriteByte/air/MemAlignWriteByte.consttree'
2026-09-15T01:19:39.443634Z proofman::utils TRACE: Constant tree file '[ZISK_HOME]/provingKey/zisk/Zisk/airs/Arith/air/Arith.consttree' does not exist. Generating...
[TRACE] PilStark: --> WRITING_TREE_FILE starting...
[TRACE] PilStark: <-- WRITING_TREE_FILE done: 0.034112 s
2026-09-15T01:19:41.557587Z proofman::utils TRACE: Successfully generated constant tree file '[ZISK_HOME]/provingKey/zisk/Zisk/airs/Arith/air/Arith.consttree'
2026-09-15T01:19:41.560169Z proofman::utils TRACE: Constant tree file '[ZISK_HOME]/provingKey/zisk/Zisk/airs/Binary/air/Binary.consttree' does not exist. Generating...
[TRACE] PilStark: --> WRITING_TREE_FILE starting...
[TRACE] PilStark: <-- WRITING_TREE_FILE done: 0.077824 s
2026-09-15T01:19:45.390876Z proofman::utils TRACE: Successfully generated constant tree file '[ZISK_HOME]/provingKey/zisk/Zisk/airs/Binary/air/Binary.consttree'
2026-09-15T01:19:45.395996Z proofman::utils TRACE: Constant tree file '[ZISK_HOME]/provingKey/zisk/Zisk/airs/BinaryAdd/air/BinaryAdd.consttree' does not exist. Generating...
[TRACE] PilStark: --> WRITING_TREE_FILE starting...
[TRACE] PilStark: <-- WRITING_TREE_FILE done: 0.100342 s
2026-09-15T01:19:49.224009Z proofman::utils TRACE: Successfully generated constant tree file '[ZISK_HOME]/provingKey/zisk/Zisk/airs/BinaryAdd/air/BinaryAdd.consttree'
2026-09-15T01:19:49.228688Z proofman::utils TRACE: Constant tree file '[ZISK_HOME]/provingKey/zisk/Zisk/airs/BinaryAddHi/air/BinaryAddHi.consttree' does not exist. Generating...
[TRACE] PilStark: --> WRITING_TREE_FILE starting...
[TRACE] PilStark: <-- WRITING_TREE_FILE done: 0.086246 s
2026-09-15T01:19:52.978208Z proofman::utils TRACE: Successfully generated constant tree file '[ZISK_HOME]/provingKey/zisk/Zisk/airs/BinaryAddHi/air/BinaryAddHi.consttree'
2026-09-15T01:19:52.983312Z proofman::utils TRACE: Constant tree file '[ZISK_HOME]/provingKey/zisk/Zisk/airs/BinaryExtension/air/BinaryExtension.consttree' does not exist. Generating...
[TRACE] PilStark: --> WRITING_TREE_FILE starting...
[TRACE] PilStark: <-- WRITING_TREE_FILE done: 0.080141 s
2026-09-15T01:19:57.003688Z proofman::utils TRACE: Successfully generated constant tree file '[ZISK_HOME]/provingKey/zisk/Zisk/airs/BinaryExtension/air/BinaryExtension.consttree'
2026-09-15T01:19:57.008972Z proofman::utils TRACE: Constant tree file '[ZISK_HOME]/provingKey/zisk/Zisk/airs/BinaryExtensionFull/air/BinaryExtensionFull.consttree' does not exist. Generating...
[TRACE] PilStark: --> WRITING_TREE_FILE starting...
[TRACE] PilStark: <-- WRITING_TREE_FILE done: 0.090936 s
2026-09-15T01:20:01.061432Z proofman::utils TRACE: Successfully generated constant tree file '[ZISK_HOME]/provingKey/zisk/Zisk/airs/BinaryExtensionFull/air/BinaryExtensionFull.consttree'
2026-09-15T01:20:01.066578Z proofman::utils TRACE: Constant tree file '[ZISK_HOME]/provingKey/zisk/Zisk/airs/Add256/air/Add256.consttree' does not exist. Generating...
[TRACE] PilStark: --> WRITING_TREE_FILE starting...
[TRACE] PilStark: <-- WRITING_TREE_FILE done: 0.018487 s
2026-09-15T01:20:02.039051Z proofman::utils TRACE: Successfully generated constant tree file '[ZISK_HOME]/provingKey/zisk/Zisk/airs/Add256/air/Add256.consttree'
2026-09-15T01:20:02.040328Z proofman::utils TRACE: Constant tree file '[ZISK_HOME]/provingKey/zisk/Zisk/airs/ArithEq/air/ArithEq.consttree' does not exist. Generating...
[TRACE] PilStark: --> WRITING_TREE_FILE starting...
[TRACE] PilStark: <-- WRITING_TREE_FILE done: 0.016061 s
2026-09-15T01:20:03.097539Z proofman::utils TRACE: Successfully generated constant tree file '[ZISK_HOME]/provingKey/zisk/Zisk/airs/ArithEq/air/ArithEq.consttree'
2026-09-15T01:20:03.099217Z proofman::utils TRACE: Constant tree file '[ZISK_HOME]/provingKey/zisk/Zisk/airs/Arith256/air/Arith256.consttree' does not exist. Generating...
[TRACE] PilStark: --> WRITING_TREE_FILE starting...
[TRACE] PilStark: <-- WRITING_TREE_FILE done: 0.024531 s
2026-09-15T01:20:04.131436Z proofman::utils TRACE: Successfully generated constant tree file '[ZISK_HOME]/provingKey/zisk/Zisk/airs/Arith256/air/Arith256.consttree'
2026-09-15T01:20:04.133191Z proofman::utils TRACE: Constant tree file '[ZISK_HOME]/provingKey/zisk/Zisk/airs/Arith256X/air/Arith256X.consttree' does not exist. Generating...
[TRACE] PilStark: --> WRITING_TREE_FILE starting...
[TRACE] PilStark: <-- WRITING_TREE_FILE done: 0.018393 s
2026-09-15T01:20:05.156196Z proofman::utils TRACE: Successfully generated constant tree file '[ZISK_HOME]/provingKey/zisk/Zisk/airs/Arith256X/air/Arith256X.consttree'
2026-09-15T01:20:05.157813Z proofman::utils TRACE: Constant tree file '[ZISK_HOME]/provingKey/zisk/Zisk/airs/ArithSecp256K1/air/ArithSecp256K1.consttree' does not exist. Generating...
[TRACE] PilStark: --> WRITING_TREE_FILE starting...
[TRACE] PilStark: <-- WRITING_TREE_FILE done: 0.019643 s
2026-09-15T01:20:06.228933Z proofman::utils TRACE: Successfully generated constant tree file '[ZISK_HOME]/provingKey/zisk/Zisk/airs/ArithSecp256K1/air/ArithSecp256K1.consttree'
2026-09-15T01:20:06.230710Z proofman::utils TRACE: Constant tree file '[ZISK_HOME]/provingKey/zisk/Zisk/airs/ArithBn254Ec/air/ArithBn254Ec.consttree' does not exist. Generating...
[TRACE] PilStark: --> WRITING_TREE_FILE starting...
[TRACE] PilStark: <-- WRITING_TREE_FILE done: 0.020570 s
2026-09-15T01:20:07.264048Z proofman::utils TRACE: Successfully generated constant tree file '[ZISK_HOME]/provingKey/zisk/Zisk/airs/ArithBn254Ec/air/ArithBn254Ec.consttree'
2026-09-15T01:20:07.265731Z proofman::utils TRACE: Constant tree file '[ZISK_HOME]/provingKey/zisk/Zisk/airs/ArithBn254Complex/air/ArithBn254Complex.consttree' does not exist. Generating...
[TRACE] PilStark: --> WRITING_TREE_FILE starting...
[TRACE] PilStark: <-- WRITING_TREE_FILE done: 0.059253 s
2026-09-15T01:20:08.351419Z proofman::utils TRACE: Successfully generated constant tree file '[ZISK_HOME]/provingKey/zisk/Zisk/airs/ArithBn254Complex/air/ArithBn254Complex.consttree'
2026-09-15T01:20:08.353185Z proofman::utils TRACE: Constant tree file '[ZISK_HOME]/provingKey/zisk/Zisk/airs/ArithEq384/air/ArithEq384.consttree' does not exist. Generating...
[TRACE] PilStark: --> WRITING_TREE_FILE starting...
[TRACE] PilStark: <-- WRITING_TREE_FILE done: 0.033203 s
2026-09-15T01:20:09.399204Z proofman::utils TRACE: Successfully generated constant tree file '[ZISK_HOME]/provingKey/zisk/Zisk/airs/ArithEq384/air/ArithEq384.consttree'
2026-09-15T01:20:09.400889Z proofman::utils TRACE: Constant tree file '[ZISK_HOME]/provingKey/zisk/Zisk/airs/Keccakf/air/Keccakf.consttree' does not exist. Generating...
[TRACE] PilStark: --> WRITING_TREE_FILE starting...
[TRACE] PilStark: <-- WRITING_TREE_FILE done: 0.007635 s
2026-09-15T01:20:09.671773Z proofman::utils TRACE: Successfully generated constant tree file '[ZISK_HOME]/provingKey/zisk/Zisk/airs/Keccakf/air/Keccakf.consttree'
2026-09-15T01:20:09.672227Z proofman::utils TRACE: Constant tree file '[ZISK_HOME]/provingKey/zisk/Zisk/airs/Sha256f/air/Sha256f.consttree' does not exist. Generating...
[TRACE] PilStark: --> WRITING_TREE_FILE starting...
[TRACE] PilStark: <-- WRITING_TREE_FILE done: 0.008700 s
2026-09-15T01:20:09.940514Z proofman::utils TRACE: Successfully generated constant tree file '[ZISK_HOME]/provingKey/zisk/Zisk/airs/Sha256f/air/Sha256f.consttree'
2026-09-15T01:20:09.940980Z proofman::utils TRACE: Constant tree file '[ZISK_HOME]/provingKey/zisk/Zisk/airs/Poseidon/air/Poseidon.consttree' does not exist. Generating...
[TRACE] PilStark: --> WRITING_TREE_FILE starting...
[TRACE] PilStark: <-- WRITING_TREE_FILE done: 0.001905 s
2026-09-15T01:20:10.069360Z proofman::utils TRACE: Successfully generated constant tree file '[ZISK_HOME]/provingKey/zisk/Zisk/airs/Poseidon/air/Poseidon.consttree'
2026-09-15T01:20:10.069641Z proofman::utils TRACE: Constant tree file '[ZISK_HOME]/provingKey/zisk/Zisk/airs/Blake2br/air/Blake2br.consttree' does not exist. Generating...
[TRACE] PilStark: --> WRITING_TREE_FILE starting...
[TRACE] PilStark: <-- WRITING_TREE_FILE done: 0.007964 s
2026-09-15T01:20:10.344377Z proofman::utils TRACE: Successfully generated constant tree file '[ZISK_HOME]/provingKey/zisk/Zisk/airs/Blake2br/air/Blake2br.consttree'
2026-09-15T01:20:10.344944Z proofman::utils TRACE: Constant tree file '[ZISK_HOME]/provingKey/zisk/Zisk/airs/Dma/air/Dma.consttree' does not exist. Generating...
[TRACE] PilStark: --> WRITING_TREE_FILE starting...
[TRACE] PilStark: <-- WRITING_TREE_FILE done: 0.042032 s
2026-09-15T01:20:12.381482Z proofman::utils TRACE: Successfully generated constant tree file '[ZISK_HOME]/provingKey/zisk/Zisk/airs/Dma/air/Dma.consttree'
2026-09-15T01:20:12.384151Z proofman::utils TRACE: Constant tree file '[ZISK_HOME]/provingKey/zisk/Zisk/airs/DmaMemCpy/air/DmaMemCpy.consttree' does not exist. Generating...
[TRACE] PilStark: --> WRITING_TREE_FILE starting...
[TRACE] PilStark: <-- WRITING_TREE_FILE done: 0.028803 s
2026-09-15T01:20:14.370796Z proofman::utils TRACE: Successfully generated constant tree file '[ZISK_HOME]/provingKey/zisk/Zisk/airs/DmaMemCpy/air/DmaMemCpy.consttree'
2026-09-15T01:20:14.373429Z proofman::utils TRACE: Constant tree file '[ZISK_HOME]/provingKey/zisk/Zisk/airs/DmaInputCpy/air/DmaInputCpy.consttree' does not exist. Generating...
[TRACE] PilStark: --> WRITING_TREE_FILE starting...
[TRACE] PilStark: <-- WRITING_TREE_FILE done: 0.045885 s
2026-09-15T01:20:16.406462Z proofman::utils TRACE: Successfully generated constant tree file '[ZISK_HOME]/provingKey/zisk/Zisk/airs/DmaInputCpy/air/DmaInputCpy.consttree'
2026-09-15T01:20:16.409083Z proofman::utils TRACE: Constant tree file '[ZISK_HOME]/provingKey/zisk/Zisk/airs/Dma64Aligned/air/Dma64Aligned.consttree' does not exist. Generating...
[TRACE] PilStark: --> WRITING_TREE_FILE starting...
[TRACE] PilStark: <-- WRITING_TREE_FILE done: 0.044884 s
2026-09-15T01:20:18.361198Z proofman::utils TRACE: Successfully generated constant tree file '[ZISK_HOME]/provingKey/zisk/Zisk/airs/Dma64Aligned/air/Dma64Aligned.consttree'
2026-09-15T01:20:18.363813Z proofman::utils TRACE: Constant tree file '[ZISK_HOME]/provingKey/zisk/Zisk/airs/Dma64AlignedInputCpy/air/Dma64AlignedInputCpy.consttree' does not exist. Generating...
[TRACE] PilStark: --> WRITING_TREE_FILE starting...
[TRACE] PilStark: <-- WRITING_TREE_FILE done: 0.038340 s
2026-09-15T01:20:20.425384Z proofman::utils TRACE: Successfully generated constant tree file '[ZISK_HOME]/provingKey/zisk/Zisk/airs/Dma64AlignedInputCpy/air/Dma64AlignedInputCpy.consttree'
2026-09-15T01:20:20.428275Z proofman::utils TRACE: Constant tree file '[ZISK_HOME]/provingKey/zisk/Zisk/airs/Dma64AlignedMemSet/air/Dma64AlignedMemSet.consttree' does not exist. Generating...
[TRACE] PilStark: --> WRITING_TREE_FILE starting...
[TRACE] PilStark: <-- WRITING_TREE_FILE done: 0.044196 s
2026-09-15T01:20:22.461165Z proofman::utils TRACE: Successfully generated constant tree file '[ZISK_HOME]/provingKey/zisk/Zisk/airs/Dma64AlignedMemSet/air/Dma64AlignedMemSet.consttree'
2026-09-15T01:20:22.463812Z proofman::utils TRACE: Constant tree file '[ZISK_HOME]/provingKey/zisk/Zisk/airs/Dma64AlignedMem/air/Dma64AlignedMem.consttree' does not exist. Generating...
[TRACE] PilStark: --> WRITING_TREE_FILE starting...
[TRACE] PilStark: <-- WRITING_TREE_FILE done: 0.033292 s
2026-09-15T01:20:24.659075Z proofman::utils TRACE: Successfully generated constant tree file '[ZISK_HOME]/provingKey/zisk/Zisk/airs/Dma64AlignedMem/air/Dma64AlignedMem.consttree'
2026-09-15T01:20:24.661921Z proofman::utils TRACE: Constant tree file '[ZISK_HOME]/provingKey/zisk/Zisk/airs/Dma64AlignedMemCpy/air/Dma64AlignedMemCpy.consttree' does not exist. Generating...
[TRACE] PilStark: --> WRITING_TREE_FILE starting...
[TRACE] PilStark: <-- WRITING_TREE_FILE done: 0.045482 s
2026-09-15T01:20:26.752341Z proofman::utils TRACE: Successfully generated constant tree file '[ZISK_HOME]/provingKey/zisk/Zisk/airs/Dma64AlignedMemCpy/air/Dma64AlignedMemCpy.consttree'
2026-09-15T01:20:26.755105Z proofman::utils TRACE: Constant tree file '[ZISK_HOME]/provingKey/zisk/Zisk/airs/DmaUnaligned/air/DmaUnaligned.consttree' does not exist. Generating...
[TRACE] PilStark: --> WRITING_TREE_FILE starting...
[TRACE] PilStark: <-- WRITING_TREE_FILE done: 0.033643 s
2026-09-15T01:20:28.931298Z proofman::utils TRACE: Successfully generated constant tree file '[ZISK_HOME]/provingKey/zisk/Zisk/airs/DmaUnaligned/air/DmaUnaligned.consttree'
2026-09-15T01:20:28.934173Z proofman::utils TRACE: Constant tree file '[ZISK_HOME]/provingKey/zisk/Zisk/airs/DmaPrePost/air/DmaPrePost.consttree' does not exist. Generating...
[TRACE] PilStark: --> WRITING_TREE_FILE starting...
[TRACE] PilStark: <-- WRITING_TREE_FILE done: 0.057877 s
2026-09-15T01:20:31.038575Z proofman::utils TRACE: Successfully generated constant tree file '[ZISK_HOME]/provingKey/zisk/Zisk/airs/DmaPrePost/air/DmaPrePost.consttree'
2026-09-15T01:20:31.041151Z proofman::utils TRACE: Constant tree file '[ZISK_HOME]/provingKey/zisk/Zisk/airs/DmaPrePostMemCpy/air/DmaPrePostMemCpy.consttree' does not exist. Generating...
[TRACE] PilStark: --> WRITING_TREE_FILE starting...
[TRACE] PilStark: <-- WRITING_TREE_FILE done: 0.037941 s
2026-09-15T01:20:33.049387Z proofman::utils TRACE: Successfully generated constant tree file '[ZISK_HOME]/provingKey/zisk/Zisk/airs/DmaPrePostMemCpy/air/DmaPrePostMemCpy.consttree'
2026-09-15T01:20:33.051917Z proofman::utils TRACE: Constant tree file '[ZISK_HOME]/provingKey/zisk/Zisk/airs/DmaPrePostInputCpy/air/DmaPrePostInputCpy.consttree' does not exist. Generating...
[TRACE] PilStark: --> WRITING_TREE_FILE starting...
[TRACE] PilStark: <-- WRITING_TREE_FILE done: 0.036802 s
2026-09-15T01:20:35.065701Z proofman::utils TRACE: Successfully generated constant tree file '[ZISK_HOME]/provingKey/zisk/Zisk/airs/DmaPrePostInputCpy/air/DmaPrePostInputCpy.consttree'
2026-09-15T01:20:35.068665Z proofman::utils TRACE: Constant tree file '[ZISK_HOME]/provingKey/zisk/Zisk/airs/JumpDest/air/JumpDest.consttree' does not exist. Generating...
[TRACE] PilStark: --> WRITING_TREE_FILE starting...
[TRACE] PilStark: <-- WRITING_TREE_FILE done: 0.037055 s
2026-09-15T01:20:37.113730Z proofman::utils TRACE: Successfully generated constant tree file '[ZISK_HOME]/provingKey/zisk/Zisk/airs/JumpDest/air/JumpDest.consttree'
2026-09-15T01:20:37.116832Z proofman::utils TRACE: Constant tree file '[ZISK_HOME]/provingKey/zisk/Zisk/airs/VirtualTableZisk0/air/VirtualTableZisk0.consttree' does not exist. Generating...
[TRACE] PilStark: --> WRITING_TREE_FILE starting...
[TRACE] PilStark: <-- WRITING_TREE_FILE done: 0.445417 s
2026-09-15T01:20:46.608706Z proofman::utils TRACE: Successfully generated constant tree file '[ZISK_HOME]/provingKey/zisk/Zisk/airs/VirtualTableZisk0/air/VirtualTableZisk0.consttree'
2026-09-15T01:20:46.645007Z proofman::utils TRACE: Constant tree file '[ZISK_HOME]/provingKey/zisk/Zisk/airs/VirtualTableZisk1/air/VirtualTableZisk1.consttree' does not exist. Generating...
[TRACE] PilStark: --> WRITING_TREE_FILE starting...
[TRACE] PilStark: <-- WRITING_TREE_FILE done: 0.802136 s
2026-09-15T01:21:04.986129Z proofman::utils TRACE: Successfully generated constant tree file '[ZISK_HOME]/provingKey/zisk/Zisk/airs/VirtualTableZisk1/air/VirtualTableZisk1.consttree'
2026-09-15T01:21:05.022570Z proofman::proofman INFO: <<< REGENERATING_CONST_TREE (113136ms)
2026-09-15T01:21:05.022612Z proofman::utils DEBUG: Vadcop compressor tree regeneration needed for [0:16]
2026-09-15T01:21:05.022620Z proofman::utils DEBUG: Vadcop compressor tree regeneration needed for [0:17]
2026-09-15T01:21:05.022632Z proofman::utils DEBUG: Vadcop compressor tree regeneration needed for [0:18]
2026-09-15T01:21:05.022639Z proofman::utils DEBUG: Vadcop compressor tree regeneration needed for [0:19]
2026-09-15T01:21:05.022647Z proofman::utils DEBUG: Vadcop compressor tree regeneration needed for [0:20]
2026-09-15T01:21:05.022653Z proofman::utils DEBUG: Vadcop compressor tree regeneration needed for [0:21]
2026-09-15T01:21:05.022660Z proofman::utils DEBUG: Vadcop compressor tree regeneration needed for [0:22]
2026-09-15T01:21:05.022665Z proofman::utils DEBUG: Vadcop compressor tree regeneration needed for [0:23]
2026-09-15T01:21:05.022670Z proofman::utils DEBUG: Vadcop compressor tree regeneration needed for [0:24]
2026-09-15T01:21:05.022675Z proofman::utils DEBUG: Vadcop compressor tree regeneration needed for [0:25]
2026-09-15T01:21:05.022680Z proofman::utils DEBUG: Vadcop compressor tree regeneration needed for [0:26]
2026-09-15T01:21:05.022685Z proofman::utils DEBUG: Vadcop recursive1 tree regeneration needed for [0:0]
2026-09-15T01:21:05.022690Z proofman::utils DEBUG: Vadcop recursive1 tree regeneration needed for [0:1]
2026-09-15T01:21:05.022695Z proofman::utils DEBUG: Vadcop recursive1 tree regeneration needed for [0:2]
2026-09-15T01:21:05.022700Z proofman::utils DEBUG: Vadcop recursive1 tree regeneration needed for [0:3]
2026-09-15T01:21:05.022708Z proofman::utils DEBUG: Vadcop recursive1 tree regeneration needed for [0:4]
2026-09-15T01:21:05.022713Z proofman::utils DEBUG: Vadcop recursive1 tree regeneration needed for [0:5]
2026-09-15T01:21:05.022720Z proofman::utils DEBUG: Vadcop recursive1 tree regeneration needed for [0:6]
2026-09-15T01:21:05.022725Z proofman::utils DEBUG: Vadcop recursive1 tree regeneration needed for [0:7]
2026-09-15T01:21:05.022731Z proofman::utils DEBUG: Vadcop recursive1 tree regeneration needed for [0:8]
2026-09-15T01:21:05.022736Z proofman::utils DEBUG: Vadcop recursive1 tree regeneration needed for [0:9]
2026-09-15T01:21:05.022741Z proofman::utils DEBUG: Vadcop recursive1 tree regeneration needed for [0:10]
2026-09-15T01:21:05.022746Z proofman::utils DEBUG: Vadcop recursive1 tree regeneration needed for [0:11]
2026-09-15T01:21:05.022751Z proofman::utils DEBUG: Vadcop recursive1 tree regeneration needed for [0:12]
2026-09-15T01:21:05.022756Z proofman::utils DEBUG: Vadcop recursive1 tree regeneration needed for [0:13]
2026-09-15T01:21:05.022763Z proofman::utils DEBUG: Vadcop recursive1 tree regeneration needed for [0:14]
2026-09-15T01:21:05.022767Z proofman::utils DEBUG: Vadcop recursive1 tree regeneration needed for [0:15]
2026-09-15T01:21:05.022772Z proofman::utils DEBUG: Vadcop recursive1 tree regeneration needed for [0:16]
2026-09-15T01:21:05.022777Z proofman::utils DEBUG: Vadcop recursive1 tree regeneration needed for [0:17]
2026-09-15T01:21:05.022781Z proofman::utils DEBUG: Vadcop recursive1 tree regeneration needed for [0:18]
2026-09-15T01:21:05.022786Z proofman::utils DEBUG: Vadcop recursive1 tree regeneration needed for [0:19]
2026-09-15T01:21:05.022793Z proofman::utils DEBUG: Vadcop recursive1 tree regeneration needed for [0:20]
2026-09-15T01:21:05.022798Z proofman::utils DEBUG: Vadcop recursive1 tree regeneration needed for [0:21]
2026-09-15T01:21:05.022802Z proofman::utils DEBUG: Vadcop recursive1 tree regeneration needed for [0:22]
2026-09-15T01:21:05.022807Z proofman::utils DEBUG: Vadcop recursive1 tree regeneration needed for [0:23]
2026-09-15T01:21:05.022811Z proofman::utils DEBUG: Vadcop recursive1 tree regeneration needed for [0:24]
2026-09-15T01:21:05.022817Z proofman::utils DEBUG: Vadcop recursive1 tree regeneration needed for [0:25]
2026-09-15T01:21:05.022822Z proofman::utils DEBUG: Vadcop recursive1 tree regeneration needed for [0:26]
2026-09-15T01:21:05.022827Z proofman::utils DEBUG: Vadcop recursive1 tree regeneration needed for [0:27]
2026-09-15T01:21:05.022832Z proofman::utils DEBUG: Vadcop recursive1 tree regeneration needed for [0:28]
2026-09-15T01:21:05.022836Z proofman::utils DEBUG: Vadcop recursive1 tree regeneration needed for [0:29]
2026-09-15T01:21:05.022842Z proofman::utils DEBUG: Vadcop recursive1 tree regeneration needed for [0:30]
2026-09-15T01:21:05.022847Z proofman::utils DEBUG: Vadcop recursive1 tree regeneration needed for [0:31]
2026-09-15T01:21:05.022852Z proofman::utils DEBUG: Vadcop recursive1 tree regeneration needed for [0:32]
2026-09-15T01:21:05.022857Z proofman::utils DEBUG: Vadcop recursive1 tree regeneration needed for [0:33]
2026-09-15T01:21:05.022862Z proofman::utils DEBUG: Vadcop recursive1 tree regeneration needed for [0:34]
2026-09-15T01:21:05.022867Z proofman::utils DEBUG: Vadcop recursive1 tree regeneration needed for [0:35]
2026-09-15T01:21:05.022872Z proofman::utils DEBUG: Vadcop recursive1 tree regeneration needed for [0:36]
2026-09-15T01:21:05.022877Z proofman::utils DEBUG: Vadcop recursive1 tree regeneration needed for [0:37]
2026-09-15T01:21:05.022882Z proofman::utils DEBUG: Vadcop recursive1 tree regeneration needed for [0:38]
2026-09-15T01:21:05.022887Z proofman::utils DEBUG: Vadcop recursive1 tree regeneration needed for [0:39]
2026-09-15T01:21:05.022892Z proofman::utils DEBUG: Vadcop recursive1 tree regeneration needed for [0:40]
2026-09-15T01:21:05.022901Z proofman::utils DEBUG: Vadcop recursive1 tree regeneration needed for [0:41]
2026-09-15T01:21:05.022907Z proofman::utils DEBUG: Vadcop recursive2 tree regeneration needed for airgroup 0
2026-09-15T01:21:05.022928Z proofman::utils DEBUG: Vadcop final tree regeneration needed
2026-09-15T01:21:05.022979Z proofman::utils DEBUG: Vadcop final compressed tree regeneration needed
2026-09-15T01:21:05.022982Z proofman::proofman INFO: Regenerating Vadcop constant trees (one-time setup)...
2026-09-15T01:21:05.022984Z proofman::proofman INFO: >>> REGENERATING_VADCOP_CONST_TREE
2026-09-15T01:21:05.022990Z proofman::utils TRACE: Constant tree file '[ZISK_HOME]/provingKey/zisk/Zisk/airs/ArithEq/compressor/compressor.consttree' does not exist. Generating...
[TRACE] PilStark: --> WRITING_TREE_FILE starting...
[TRACE] PilStark: <-- WRITING_TREE_FILE done: 0.205325 s
2026-09-15T01:21:10.326778Z proofman::utils TRACE: Successfully generated constant tree file '[ZISK_HOME]/provingKey/zisk/Zisk/airs/ArithEq/compressor/compressor.consttree'
2026-09-15T01:21:10.333178Z proofman::utils TRACE: Constant tree file '[ZISK_HOME]/provingKey/zisk/Zisk/airs/Arith256/compressor/compressor.consttree' does not exist. Generating...
[TRACE] PilStark: --> WRITING_TREE_FILE starting...
[TRACE] PilStark: <-- WRITING_TREE_FILE done: 0.141503 s
2026-09-15T01:21:15.186284Z proofman::utils TRACE: Successfully generated constant tree file '[ZISK_HOME]/provingKey/zisk/Zisk/airs/Arith256/compressor/compressor.consttree'
2026-09-15T01:21:15.193593Z proofman::utils TRACE: Constant tree file '[ZISK_HOME]/provingKey/zisk/Zisk/airs/Arith256X/compressor/compressor.consttree' does not exist. Generating...
[TRACE] PilStark: --> WRITING_TREE_FILE starting...
[TRACE] PilStark: <-- WRITING_TREE_FILE done: 0.142346 s
2026-09-15T01:21:20.382160Z proofman::utils TRACE: Successfully generated constant tree file '[ZISK_HOME]/provingKey/zisk/Zisk/airs/Arith256X/compressor/compressor.consttree'
2026-09-15T01:21:20.389520Z proofman::utils TRACE: Constant tree file '[ZISK_HOME]/provingKey/zisk/Zisk/airs/ArithSecp256K1/compressor/compressor.consttree' does not exist. Generating...
[TRACE] PilStark: --> WRITING_TREE_FILE starting...
[TRACE] PilStark: <-- WRITING_TREE_FILE done: 0.141778 s
2026-09-15T01:21:25.441310Z proofman::utils TRACE: Successfully generated constant tree file '[ZISK_HOME]/provingKey/zisk/Zisk/airs/ArithSecp256K1/compressor/compressor.consttree'
2026-09-15T01:21:25.448243Z proofman::utils TRACE: Constant tree file '[ZISK_HOME]/provingKey/zisk/Zisk/airs/ArithBn254Ec/compressor/compressor.consttree' does not exist. Generating...
[TRACE] PilStark: --> WRITING_TREE_FILE starting...
[TRACE] PilStark: <-- WRITING_TREE_FILE done: 0.155261 s
2026-09-15T01:21:30.129669Z proofman::utils TRACE: Successfully generated constant tree file '[ZISK_HOME]/provingKey/zisk/Zisk/airs/ArithBn254Ec/compressor/compressor.consttree'
2026-09-15T01:21:30.136430Z proofman::utils TRACE: Constant tree file '[ZISK_HOME]/provingKey/zisk/Zisk/airs/ArithBn254Complex/compressor/compressor.consttree' does not exist. Generating...
[TRACE] PilStark: --> WRITING_TREE_FILE starting...
[TRACE] PilStark: <-- WRITING_TREE_FILE done: 0.132554 s
2026-09-15T01:21:34.987328Z proofman::utils TRACE: Successfully generated constant tree file '[ZISK_HOME]/provingKey/zisk/Zisk/airs/ArithBn254Complex/compressor/compressor.consttree'
2026-09-15T01:21:34.995212Z proofman::utils TRACE: Constant tree file '[ZISK_HOME]/provingKey/zisk/Zisk/airs/ArithEq384/compressor/compressor.consttree' does not exist. Generating...
[TRACE] PilStark: --> WRITING_TREE_FILE starting...
[TRACE] PilStark: <-- WRITING_TREE_FILE done: 0.146458 s
2026-09-15T01:21:39.971307Z proofman::utils TRACE: Successfully generated constant tree file '[ZISK_HOME]/provingKey/zisk/Zisk/airs/ArithEq384/compressor/compressor.consttree'
2026-09-15T01:21:39.978912Z proofman::utils TRACE: Constant tree file '[ZISK_HOME]/provingKey/zisk/Zisk/airs/Keccakf/compressor/compressor.consttree' does not exist. Generating...
[TRACE] PilStark: --> WRITING_TREE_FILE starting...
[TRACE] PilStark: <-- WRITING_TREE_FILE done: 0.481663 s
2026-09-15T01:21:59.722568Z proofman::utils TRACE: Successfully generated constant tree file '[ZISK_HOME]/provingKey/zisk/Zisk/airs/Keccakf/compressor/compressor.consttree'
2026-09-15T01:21:59.754713Z proofman::utils TRACE: Constant tree file '[ZISK_HOME]/provingKey/zisk/Zisk/airs/Sha256f/compressor/compressor.consttree' does not exist. Generating...
[TRACE] PilStark: --> WRITING_TREE_FILE starting...
[TRACE] PilStark: <-- WRITING_TREE_FILE done: 0.270083 s
2026-09-15T01:22:09.157430Z proofman::utils TRACE: Successfully generated constant tree file '[ZISK_HOME]/provingKey/zisk/Zisk/airs/Sha256f/compressor/compressor.consttree'
2026-09-15T01:22:09.172016Z proofman::utils TRACE: Constant tree file '[ZISK_HOME]/provingKey/zisk/Zisk/airs/Poseidon/compressor/compressor.consttree' does not exist. Generating...
[TRACE] PilStark: --> WRITING_TREE_FILE starting...
[TRACE] PilStark: <-- WRITING_TREE_FILE done: 0.132553 s
2026-09-15T01:22:13.599213Z proofman::utils TRACE: Successfully generated constant tree file '[ZISK_HOME]/provingKey/zisk/Zisk/airs/Poseidon/compressor/compressor.consttree'
2026-09-15T01:22:13.606039Z proofman::utils TRACE: Constant tree file '[ZISK_HOME]/provingKey/zisk/Zisk/airs/Blake2br/compressor/compressor.consttree' does not exist. Generating...
[TRACE] PilStark: --> WRITING_TREE_FILE starting...
[TRACE] PilStark: <-- WRITING_TREE_FILE done: 0.135216 s
2026-09-15T01:22:18.246650Z proofman::utils TRACE: Successfully generated constant tree file '[ZISK_HOME]/provingKey/zisk/Zisk/airs/Blake2br/compressor/compressor.consttree'
2026-09-15T01:22:18.253951Z proofman::utils TRACE: Constant tree file '[ZISK_HOME]/provingKey/zisk/Zisk/airs/Main/recursive1/recursive1.consttree' does not exist. Generating...
[TRACE] PilStark: --> WRITING_TREE_FILE starting...
[TRACE] PilStark: <-- WRITING_TREE_FILE done: 0.117501 s
2026-09-15T01:22:22.234662Z proofman::utils TRACE: Successfully generated constant tree file '[ZISK_HOME]/provingKey/zisk/Zisk/airs/Main/recursive1/recursive1.consttree'
2026-09-15T01:22:22.240532Z proofman::utils TRACE: Constant tree file '[ZISK_HOME]/provingKey/zisk/Zisk/airs/Rom/recursive1/recursive1.consttree' does not exist. Generating...
[TRACE] PilStark: --> WRITING_TREE_FILE starting...
[TRACE] PilStark: <-- WRITING_TREE_FILE done: 0.113282 s
2026-09-15T01:22:26.873636Z proofman::utils TRACE: Successfully generated constant tree file '[ZISK_HOME]/provingKey/zisk/Zisk/airs/Rom/recursive1/recursive1.consttree'
2026-09-15T01:22:26.879204Z proofman::utils TRACE: Constant tree file '[ZISK_HOME]/provingKey/zisk/Zisk/airs/Mem/recursive1/recursive1.consttree' does not exist. Generating...
[TRACE] PilStark: --> WRITING_TREE_FILE starting...
[TRACE] PilStark: <-- WRITING_TREE_FILE done: 0.118618 s
2026-09-15T01:22:32.050034Z proofman::utils TRACE: Successfully generated constant tree file '[ZISK_HOME]/provingKey/zisk/Zisk/airs/Mem/recursive1/recursive1.consttree'
2026-09-15T01:22:32.057239Z proofman::utils TRACE: Constant tree file '[ZISK_HOME]/provingKey/zisk/Zisk/airs/InputData/recursive1/recursive1.consttree' does not exist. Generating...
[TRACE] PilStark: --> WRITING_TREE_FILE starting...
[TRACE] PilStark: <-- WRITING_TREE_FILE done: 0.125690 s
2026-09-15T01:22:34.600157Z proofman::utils TRACE: Successfully generated constant tree file '[ZISK_HOME]/provingKey/zisk/Zisk/airs/InputData/recursive1/recursive1.consttree'
2026-09-15T01:22:34.606199Z proofman::utils TRACE: Constant tree file '[ZISK_HOME]/provingKey/zisk/Zisk/airs/RomData/recursive1/recursive1.consttree' does not exist. Generating...
[TRACE] PilStark: --> WRITING_TREE_FILE starting...
[TRACE] PilStark: <-- WRITING_TREE_FILE done: 0.129401 s
2026-09-15T01:22:36.641561Z proofman::utils TRACE: Successfully generated constant tree file '[ZISK_HOME]/provingKey/zisk/Zisk/airs/RomData/recursive1/recursive1.consttree'
2026-09-15T01:22:36.647411Z proofman::utils TRACE: Constant tree file '[ZISK_HOME]/provingKey/zisk/Zisk/airs/MemAlign/recursive1/recursive1.consttree' does not exist. Generating...
[TRACE] PilStark: --> WRITING_TREE_FILE starting...
[TRACE] PilStark: <-- WRITING_TREE_FILE done: 0.109748 s
2026-09-15T01:22:38.389455Z proofman::utils TRACE: Successfully generated constant tree file '[ZISK_HOME]/provingKey/zisk/Zisk/airs/MemAlign/recursive1/recursive1.consttree'
2026-09-15T01:22:38.395709Z proofman::utils TRACE: Constant tree file '[ZISK_HOME]/provingKey/zisk/Zisk/airs/MemAlignByte/recursive1/recursive1.consttree' does not exist. Generating...
[TRACE] PilStark: --> WRITING_TREE_FILE starting...
[TRACE] PilStark: <-- WRITING_TREE_FILE done: 0.106262 s
2026-09-15T01:22:40.117368Z proofman::utils TRACE: Successfully generated constant tree file '[ZISK_HOME]/provingKey/zisk/Zisk/airs/MemAlignByte/recursive1/recursive1.consttree'
2026-09-15T01:22:40.122962Z proofman::utils TRACE: Constant tree file '[ZISK_HOME]/provingKey/zisk/Zisk/airs/MemAlignReadByte/recursive1/recursive1.consttree' does not exist. Generating...
[TRACE] PilStark: --> WRITING_TREE_FILE starting...
[TRACE] PilStark: <-- WRITING_TREE_FILE done: 0.114204 s
2026-09-15T01:22:41.701513Z proofman::utils TRACE: Successfully generated constant tree file '[ZISK_HOME]/provingKey/zisk/Zisk/airs/MemAlignReadByte/recursive1/recursive1.consttree'
2026-09-15T01:22:41.707140Z proofman::utils TRACE: Constant tree file '[ZISK_HOME]/provingKey/zisk/Zisk/airs/MemAlignWriteByte/recursive1/recursive1.consttree' does not exist. Generating...
[TRACE] PilStark: --> WRITING_TREE_FILE starting...
[TRACE] PilStark: <-- WRITING_TREE_FILE done: 0.095368 s
2026-09-15T01:22:43.238913Z proofman::utils TRACE: Successfully generated constant tree file '[ZISK_HOME]/provingKey/zisk/Zisk/airs/MemAlignWriteByte/recursive1/recursive1.consttree'
2026-09-15T01:22:43.244808Z proofman::utils TRACE: Constant tree file '[ZISK_HOME]/provingKey/zisk/Zisk/airs/Arith/recursive1/recursive1.consttree' does not exist. Generating...
[TRACE] PilStark: --> WRITING_TREE_FILE starting...
[TRACE] PilStark: <-- WRITING_TREE_FILE done: 0.106768 s
2026-09-15T01:22:44.866483Z proofman::utils TRACE: Successfully generated constant tree file '[ZISK_HOME]/provingKey/zisk/Zisk/airs/Arith/recursive1/recursive1.consttree'
2026-09-15T01:22:44.871967Z proofman::utils TRACE: Constant tree file '[ZISK_HOME]/provingKey/zisk/Zisk/airs/Binary/recursive1/recursive1.consttree' does not exist. Generating...
[TRACE] PilStark: --> WRITING_TREE_FILE starting...
[TRACE] PilStark: <-- WRITING_TREE_FILE done: 0.107180 s
2026-09-15T01:22:46.457331Z proofman::utils TRACE: Successfully generated constant tree file '[ZISK_HOME]/provingKey/zisk/Zisk/airs/Binary/recursive1/recursive1.consttree'
2026-09-15T01:22:46.462926Z proofman::utils TRACE: Constant tree file '[ZISK_HOME]/provingKey/zisk/Zisk/airs/BinaryAdd/recursive1/recursive1.consttree' does not exist. Generating...
[TRACE] PilStark: --> WRITING_TREE_FILE starting...
[TRACE] PilStark: <-- WRITING_TREE_FILE done: 0.100580 s
2026-09-15T01:22:48.108006Z proofman::utils TRACE: Successfully generated constant tree file '[ZISK_HOME]/provingKey/zisk/Zisk/airs/BinaryAdd/recursive1/recursive1.consttree'
2026-09-15T01:22:48.113904Z proofman::utils TRACE: Constant tree file '[ZISK_HOME]/provingKey/zisk/Zisk/airs/BinaryAddHi/recursive1/recursive1.consttree' does not exist. Generating...
[TRACE] PilStark: --> WRITING_TREE_FILE starting...
[TRACE] PilStark: <-- WRITING_TREE_FILE done: 0.111229 s
2026-09-15T01:22:49.679629Z proofman::utils TRACE: Successfully generated constant tree file '[ZISK_HOME]/provingKey/zisk/Zisk/airs/BinaryAddHi/recursive1/recursive1.consttree'
2026-09-15T01:22:49.685266Z proofman::utils TRACE: Constant tree file '[ZISK_HOME]/provingKey/zisk/Zisk/airs/BinaryExtension/recursive1/recursive1.consttree' does not exist. Generating...
[TRACE] PilStark: --> WRITING_TREE_FILE starting...
[TRACE] PilStark: <-- WRITING_TREE_FILE done: 0.109477 s
2026-09-15T01:22:53.255531Z proofman::utils TRACE: Successfully generated constant tree file '[ZISK_HOME]/provingKey/zisk/Zisk/airs/BinaryExtension/recursive1/recursive1.consttree'
2026-09-15T01:22:53.262377Z proofman::utils TRACE: Constant tree file '[ZISK_HOME]/provingKey/zisk/Zisk/airs/BinaryExtensionFull/recursive1/recursive1.consttree' does not exist. Generating...
[TRACE] PilStark: --> WRITING_TREE_FILE starting...
[TRACE] PilStark: <-- WRITING_TREE_FILE done: 0.099603 s
2026-09-15T01:22:57.486018Z proofman::utils TRACE: Successfully generated constant tree file '[ZISK_HOME]/provingKey/zisk/Zisk/airs/BinaryExtensionFull/recursive1/recursive1.consttree'
2026-09-15T01:22:57.492105Z proofman::utils TRACE: Constant tree file '[ZISK_HOME]/provingKey/zisk/Zisk/airs/Add256/recursive1/recursive1.consttree' does not exist. Generating...
[TRACE] PilStark: --> WRITING_TREE_FILE starting...
[TRACE] PilStark: <-- WRITING_TREE_FILE done: 0.106414 s
2026-09-15T01:23:02.151268Z proofman::utils TRACE: Successfully generated constant tree file '[ZISK_HOME]/provingKey/zisk/Zisk/airs/Add256/recursive1/recursive1.consttree'
2026-09-15T01:23:02.156954Z proofman::utils TRACE: Constant tree file '[ZISK_HOME]/provingKey/zisk/Zisk/airs/ArithEq/recursive1/recursive1.consttree' does not exist. Generating...
[TRACE] PilStark: --> WRITING_TREE_FILE starting...
[TRACE] PilStark: <-- WRITING_TREE_FILE done: 0.094838 s
2026-09-15T01:23:03.703246Z proofman::utils TRACE: Successfully generated constant tree file '[ZISK_HOME]/provingKey/zisk/Zisk/airs/ArithEq/recursive1/recursive1.consttree'
2026-09-15T01:23:03.709141Z proofman::utils TRACE: Constant tree file '[ZISK_HOME]/provingKey/zisk/Zisk/airs/Arith256/recursive1/recursive1.consttree' does not exist. Generating...
[TRACE] PilStark: --> WRITING_TREE_FILE starting...
[TRACE] PilStark: <-- WRITING_TREE_FILE done: 0.113294 s
2026-09-15T01:23:05.353056Z proofman::utils TRACE: Successfully generated constant tree file '[ZISK_HOME]/provingKey/zisk/Zisk/airs/Arith256/recursive1/recursive1.consttree'
2026-09-15T01:23:05.358940Z proofman::utils TRACE: Constant tree file '[ZISK_HOME]/provingKey/zisk/Zisk/airs/Arith256X/recursive1/recursive1.consttree' does not exist. Generating...
[TRACE] PilStark: --> WRITING_TREE_FILE starting...
[TRACE] PilStark: <-- WRITING_TREE_FILE done: 0.268590 s
2026-09-15T01:23:07.154910Z proofman::utils TRACE: Successfully generated constant tree file '[ZISK_HOME]/provingKey/zisk/Zisk/airs/Arith256X/recursive1/recursive1.consttree'
2026-09-15T01:23:07.161794Z proofman::utils TRACE: Constant tree file '[ZISK_HOME]/provingKey/zisk/Zisk/airs/ArithSecp256K1/recursive1/recursive1.consttree' does not exist. Generating...
[TRACE] PilStark: --> WRITING_TREE_FILE starting...
[TRACE] PilStark: <-- WRITING_TREE_FILE done: 0.203177 s
2026-09-15T01:23:18.598608Z proofman::utils TRACE: Successfully generated constant tree file '[ZISK_HOME]/provingKey/zisk/Zisk/airs/ArithSecp256K1/recursive1/recursive1.consttree'
2026-09-15T01:23:18.614003Z proofman::utils TRACE: Constant tree file '[ZISK_HOME]/provingKey/zisk/Zisk/airs/ArithBn254Ec/recursive1/recursive1.consttree' does not exist. Generating...
[TRACE] PilStark: --> WRITING_TREE_FILE starting...
[TRACE] PilStark: <-- WRITING_TREE_FILE done: 0.154332 s
2026-09-15T01:23:32.899526Z proofman::utils TRACE: Successfully generated constant tree file '[ZISK_HOME]/provingKey/zisk/Zisk/airs/ArithBn254Ec/recursive1/recursive1.consttree'
2026-09-15T01:23:32.913299Z proofman::utils TRACE: Constant tree file '[ZISK_HOME]/provingKey/zisk/Zisk/airs/ArithBn254Complex/recursive1/recursive1.consttree' does not exist. Generating...
[TRACE] PilStark: --> WRITING_TREE_FILE starting...
[TRACE] PilStark: <-- WRITING_TREE_FILE done: 0.224142 s
2026-09-15T01:23:45.859909Z proofman::utils TRACE: Successfully generated constant tree file '[ZISK_HOME]/provingKey/zisk/Zisk/airs/ArithBn254Complex/recursive1/recursive1.consttree'
2026-09-15T01:23:45.870312Z proofman::utils TRACE: Constant tree file '[ZISK_HOME]/provingKey/zisk/Zisk/airs/ArithEq384/recursive1/recursive1.consttree' does not exist. Generating...
[TRACE] PilStark: --> WRITING_TREE_FILE starting...
[TRACE] PilStark: <-- WRITING_TREE_FILE done: 0.210117 s
2026-09-15T01:24:04.951282Z proofman::utils TRACE: Successfully generated constant tree file '[ZISK_HOME]/provingKey/zisk/Zisk/airs/ArithEq384/recursive1/recursive1.consttree'
2026-09-15T01:24:04.977434Z proofman::utils TRACE: Constant tree file '[ZISK_HOME]/provingKey/zisk/Zisk/airs/Keccakf/recursive1/recursive1.consttree' does not exist. Generating...
[TRACE] PilStark: --> WRITING_TREE_FILE starting...
[TRACE] PilStark: <-- WRITING_TREE_FILE done: 0.166865 s
2026-09-15T01:24:21.678571Z proofman::utils TRACE: Successfully generated constant tree file '[ZISK_HOME]/provingKey/zisk/Zisk/airs/Keccakf/recursive1/recursive1.consttree'
2026-09-15T01:24:21.696400Z proofman::utils TRACE: Constant tree file '[ZISK_HOME]/provingKey/zisk/Zisk/airs/Sha256f/recursive1/recursive1.consttree' does not exist. Generating...
[TRACE] PilStark: --> WRITING_TREE_FILE starting...
[TRACE] PilStark: <-- WRITING_TREE_FILE done: 0.142475 s
2026-09-15T01:24:31.563888Z proofman::utils TRACE: Successfully generated constant tree file '[ZISK_HOME]/provingKey/zisk/Zisk/airs/Sha256f/recursive1/recursive1.consttree'
2026-09-15T01:24:31.570309Z proofman::utils TRACE: Constant tree file '[ZISK_HOME]/provingKey/zisk/Zisk/airs/Poseidon/recursive1/recursive1.consttree' does not exist. Generating...
[TRACE] PilStark: --> WRITING_TREE_FILE starting...
[TRACE] PilStark: <-- WRITING_TREE_FILE done: 0.138901 s
2026-09-15T01:24:33.113343Z proofman::utils TRACE: Successfully generated constant tree file '[ZISK_HOME]/provingKey/zisk/Zisk/airs/Poseidon/recursive1/recursive1.consttree'
2026-09-15T01:24:33.119650Z proofman::utils TRACE: Constant tree file '[ZISK_HOME]/provingKey/zisk/Zisk/airs/Blake2br/recursive1/recursive1.consttree' does not exist. Generating...
[TRACE] PilStark: --> WRITING_TREE_FILE starting...
[TRACE] PilStark: <-- WRITING_TREE_FILE done: 0.139037 s
2026-09-15T01:24:34.658298Z proofman::utils TRACE: Successfully generated constant tree file '[ZISK_HOME]/provingKey/zisk/Zisk/airs/Blake2br/recursive1/recursive1.consttree'
2026-09-15T01:24:34.664461Z proofman::utils TRACE: Constant tree file '[ZISK_HOME]/provingKey/zisk/Zisk/airs/Dma/recursive1/recursive1.consttree' does not exist. Generating...
[TRACE] PilStark: --> WRITING_TREE_FILE starting...
[TRACE] PilStark: <-- WRITING_TREE_FILE done: 0.121478 s
2026-09-15T01:24:36.165081Z proofman::utils TRACE: Successfully generated constant tree file '[ZISK_HOME]/provingKey/zisk/Zisk/airs/Dma/recursive1/recursive1.consttree'
2026-09-15T01:24:36.171360Z proofman::utils TRACE: Constant tree file '[ZISK_HOME]/provingKey/zisk/Zisk/airs/DmaMemCpy/recursive1/recursive1.consttree' does not exist. Generating...
[TRACE] PilStark: --> WRITING_TREE_FILE starting...
[TRACE] PilStark: <-- WRITING_TREE_FILE done: 0.069282 s
2026-09-15T01:24:37.761489Z proofman::utils TRACE: Successfully generated constant tree file '[ZISK_HOME]/provingKey/zisk/Zisk/airs/DmaMemCpy/recursive1/recursive1.consttree'
2026-09-15T01:24:37.767246Z proofman::utils TRACE: Constant tree file '[ZISK_HOME]/provingKey/zisk/Zisk/airs/DmaInputCpy/recursive1/recursive1.consttree' does not exist. Generating...
[TRACE] PilStark: --> WRITING_TREE_FILE starting...
[TRACE] PilStark: <-- WRITING_TREE_FILE done: 0.075084 s
2026-09-15T01:24:39.280155Z proofman::utils TRACE: Successfully generated constant tree file '[ZISK_HOME]/provingKey/zisk/Zisk/airs/DmaInputCpy/recursive1/recursive1.consttree'
2026-09-15T01:24:39.286064Z proofman::utils TRACE: Constant tree file '[ZISK_HOME]/provingKey/zisk/Zisk/airs/Dma64Aligned/recursive1/recursive1.consttree' does not exist. Generating...
[TRACE] PilStark: --> WRITING_TREE_FILE starting...
[TRACE] PilStark: <-- WRITING_TREE_FILE done: 0.085088 s
2026-09-15T01:24:40.754941Z proofman::utils TRACE: Successfully generated constant tree file '[ZISK_HOME]/provingKey/zisk/Zisk/airs/Dma64Aligned/recursive1/recursive1.consttree'
2026-09-15T01:24:40.760899Z proofman::utils TRACE: Constant tree file '[ZISK_HOME]/provingKey/zisk/Zisk/airs/Dma64AlignedInputCpy/recursive1/recursive1.consttree' does not exist. Generating...
[TRACE] PilStark: --> WRITING_TREE_FILE starting...
[TRACE] PilStark: <-- WRITING_TREE_FILE done: 0.106117 s
2026-09-15T01:24:42.308371Z proofman::utils TRACE: Successfully generated constant tree file '[ZISK_HOME]/provingKey/zisk/Zisk/airs/Dma64AlignedInputCpy/recursive1/recursive1.consttree'
2026-09-15T01:24:42.314354Z proofman::utils TRACE: Constant tree file '[ZISK_HOME]/provingKey/zisk/Zisk/airs/Dma64AlignedMemSet/recursive1/recursive1.consttree' does not exist. Generating...
[TRACE] PilStark: --> WRITING_TREE_FILE starting...
[TRACE] PilStark: <-- WRITING_TREE_FILE done: 0.100292 s
2026-09-15T01:24:43.874885Z proofman::utils TRACE: Successfully generated constant tree file '[ZISK_HOME]/provingKey/zisk/Zisk/airs/Dma64AlignedMemSet/recursive1/recursive1.consttree'
2026-09-15T01:24:43.880771Z proofman::utils TRACE: Constant tree file '[ZISK_HOME]/provingKey/zisk/Zisk/airs/Dma64AlignedMem/recursive1/recursive1.consttree' does not exist. Generating...
[TRACE] PilStark: --> WRITING_TREE_FILE starting...
[TRACE] PilStark: <-- WRITING_TREE_FILE done: 0.104997 s
2026-09-15T01:24:45.504328Z proofman::utils TRACE: Successfully generated constant tree file '[ZISK_HOME]/provingKey/zisk/Zisk/airs/Dma64AlignedMem/recursive1/recursive1.consttree'
2026-09-15T01:24:45.510463Z proofman::utils TRACE: Constant tree file '[ZISK_HOME]/provingKey/zisk/Zisk/airs/Dma64AlignedMemCpy/recursive1/recursive1.consttree' does not exist. Generating...
[TRACE] PilStark: --> WRITING_TREE_FILE starting...
[TRACE] PilStark: <-- WRITING_TREE_FILE done: 0.096729 s
2026-09-15T01:24:47.079327Z proofman::utils TRACE: Successfully generated constant tree file '[ZISK_HOME]/provingKey/zisk/Zisk/airs/Dma64AlignedMemCpy/recursive1/recursive1.consttree'
2026-09-15T01:24:47.085592Z proofman::utils TRACE: Constant tree file '[ZISK_HOME]/provingKey/zisk/Zisk/airs/DmaUnaligned/recursive1/recursive1.consttree' does not exist. Generating...
[TRACE] PilStark: --> WRITING_TREE_FILE starting...
[TRACE] PilStark: <-- WRITING_TREE_FILE done: 0.108920 s
2026-09-15T01:24:48.710558Z proofman::utils TRACE: Successfully generated constant tree file '[ZISK_HOME]/provingKey/zisk/Zisk/airs/DmaUnaligned/recursive1/recursive1.consttree'
2026-09-15T01:24:48.716635Z proofman::utils TRACE: Constant tree file '[ZISK_HOME]/provingKey/zisk/Zisk/airs/DmaPrePost/recursive1/recursive1.consttree' does not exist. Generating...
[TRACE] PilStark: --> WRITING_TREE_FILE starting...
[TRACE] PilStark: <-- WRITING_TREE_FILE done: 0.077613 s
2026-09-15T01:24:50.288757Z proofman::utils TRACE: Successfully generated constant tree file '[ZISK_HOME]/provingKey/zisk/Zisk/airs/DmaPrePost/recursive1/recursive1.consttree'
2026-09-15T01:24:50.294849Z proofman::utils TRACE: Constant tree file '[ZISK_HOME]/provingKey/zisk/Zisk/airs/DmaPrePostMemCpy/recursive1/recursive1.consttree' does not exist. Generating...
[TRACE] PilStark: --> WRITING_TREE_FILE starting...
[TRACE] PilStark: <-- WRITING_TREE_FILE done: 0.104810 s
2026-09-15T01:24:51.900039Z proofman::utils TRACE: Successfully generated constant tree file '[ZISK_HOME]/provingKey/zisk/Zisk/airs/DmaPrePostMemCpy/recursive1/recursive1.consttree'
2026-09-15T01:24:51.906379Z proofman::utils TRACE: Constant tree file '[ZISK_HOME]/provingKey/zisk/Zisk/airs/DmaPrePostInputCpy/recursive1/recursive1.consttree' does not exist. Generating...
[TRACE] PilStark: --> WRITING_TREE_FILE starting...
[TRACE] PilStark: <-- WRITING_TREE_FILE done: 0.082451 s
2026-09-15T01:24:53.444289Z proofman::utils TRACE: Successfully generated constant tree file '[ZISK_HOME]/provingKey/zisk/Zisk/airs/DmaPrePostInputCpy/recursive1/recursive1.consttree'
2026-09-15T01:24:53.450593Z proofman::utils TRACE: Constant tree file '[ZISK_HOME]/provingKey/zisk/Zisk/airs/JumpDest/recursive1/recursive1.consttree' does not exist. Generating...
[TRACE] PilStark: --> WRITING_TREE_FILE starting...
[TRACE] PilStark: <-- WRITING_TREE_FILE done: 0.156910 s
2026-09-15T01:24:55.356775Z proofman::utils TRACE: Successfully generated constant tree file '[ZISK_HOME]/provingKey/zisk/Zisk/airs/JumpDest/recursive1/recursive1.consttree'
2026-09-15T01:24:55.362735Z proofman::utils TRACE: Constant tree file '[ZISK_HOME]/provingKey/zisk/Zisk/airs/VirtualTableZisk0/recursive1/recursive1.consttree' does not exist. Generating...
[TRACE] PilStark: --> WRITING_TREE_FILE starting...
[TRACE] PilStark: <-- WRITING_TREE_FILE done: 0.108531 s
2026-09-15T01:24:57.009894Z proofman::utils TRACE: Successfully generated constant tree file '[ZISK_HOME]/provingKey/zisk/Zisk/airs/VirtualTableZisk0/recursive1/recursive1.consttree'
2026-09-15T01:24:57.016191Z proofman::utils TRACE: Constant tree file '[ZISK_HOME]/provingKey/zisk/Zisk/airs/VirtualTableZisk1/recursive1/recursive1.consttree' does not exist. Generating...
[TRACE] PilStark: --> WRITING_TREE_FILE starting...
[TRACE] PilStark: <-- WRITING_TREE_FILE done: 0.085982 s
2026-09-15T01:24:58.634135Z proofman::utils TRACE: Successfully generated constant tree file '[ZISK_HOME]/provingKey/zisk/Zisk/airs/VirtualTableZisk1/recursive1/recursive1.consttree'
2026-09-15T01:24:58.640252Z proofman::utils TRACE: Constant tree file '[ZISK_HOME]/provingKey/zisk/Zisk/recursive2/recursive2.consttree' does not exist. Generating...
[TRACE] PilStark: --> WRITING_TREE_FILE starting...
[TRACE] PilStark: <-- WRITING_TREE_FILE done: 0.121549 s
2026-09-15T01:25:00.265323Z proofman::utils TRACE: Successfully generated constant tree file '[ZISK_HOME]/provingKey/zisk/Zisk/recursive2/recursive2.consttree'
2026-09-15T01:25:00.271265Z proofman::utils TRACE: Constant tree file '[ZISK_HOME]/provingKey/zisk/vadcop_final/vadcop_final.consttree' does not exist. Generating...
[TRACE] PilStark: --> WRITING_TREE_FILE starting...
[TRACE] PilStark: <-- WRITING_TREE_FILE done: 0.098002 s
2026-09-15T01:25:01.955042Z proofman::utils TRACE: Successfully generated constant tree file '[ZISK_HOME]/provingKey/zisk/vadcop_final/vadcop_final.consttree'
2026-09-15T01:25:01.960638Z proofman::utils TRACE: Constant tree file '[ZISK_HOME]/provingKey/zisk/vadcop_final_compressed/vadcop_final_compressed.consttree' does not exist. Generating...
[TRACE] PilStark: --> WRITING_TREE_FILE starting...
[TRACE] PilStark: <-- WRITING_TREE_FILE done: 0.061821 s
2026-09-15T01:25:02.927769Z proofman::utils TRACE: Successfully generated constant tree file '[ZISK_HOME]/provingKey/zisk/vadcop_final_compressed/vadcop_final_compressed.consttree'
2026-09-15T01:25:02.930625Z proofman::proofman INFO: <<< REGENERATING_VADCOP_CONST_TREE (237909ms)
2026-09-15T01:25:02.930638Z proofman::proofman INFO: >>> LOADING_FIXED_POLS
2026-09-15T01:25:02.930646Z proofman::proofman INFO: <<< LOADING_FIXED_POLS (0ms)
2026-09-15T01:25:02.930648Z proofman::proofman INFO: <<< INITIALIZING_PROOFMAN (364600ms)
2026-09-15T01:25:02.930676Z proofman::proofman INFO: >>> INIT_PROOFMAN
2026-09-15T01:25:02.930696Z proofman::proofman INFO: <<< INIT_PROOFMAN (0ms)
2026-09-15T01:25:03.152753Z proofman_common::memory_handler INFO: MemoryHandler::Total memory for basic traces: 3.76 GB
2026-09-15T01:25:03.233191Z proofman_common::memory_handler INFO: MemoryHandlerRecursive::Total memory for recursive traces: 658.77 MB
2026-09-15T01:25:05.825906Z proofman_common::utils INFO: Node has 16 cores
2026-09-15T01:25:05.826539Z proofman_common::utils INFO: Using 16 threads based on physical cores per process, considering there are 1 processes per node
2026-09-15T01:25:05.826551Z proofman::proofman INFO: Using 2 threads per witness computation
2026-09-15T01:25:05.944045Z proofman_common::proof_ctx INFO: Initializing publics custom_commits
2026-09-15T01:25:05.959385Z proofman::proofman INFO: >>> EXECUTE
2026-09-15T01:25:05.970902Z zisk_executor::executor INFO: >>> COMPUTE_MINIMAL_TRACE
2026-09-15T01:25:05.972179Z zisk_executor::execution::rust INFO: >>> COUNT
2026-09-15T01:25:05.972292Z zisk_executor::execution::rust INFO: <<< COUNT (0ms)
2026-09-15T01:25:05.972299Z zisk_executor::executor INFO: <<< COMPUTE_MINIMAL_TRACE (1ms)
2026-09-15T01:25:05.972301Z zisk_executor::plan INFO: >>> PLAN_MAIN
2026-09-15T01:25:05.972304Z zisk_executor::plan INFO: <<< PLAN_MAIN (0ms)
2026-09-15T01:25:05.972318Z zisk_executor::plan INFO: >>> PLAN_SECONDARY
2026-09-15T01:25:05.973914Z zisk_sm_binary::binary_planner DEBUG: ··· Binary instances: add_hi=0 add=0 basic=1 ext=0 ext_full=1
2026-09-15T01:25:05.973939Z zisk_executor::plan INFO: <<< PLAN_SECONDARY (1ms)
2026-09-15T01:25:05.973942Z zisk_executor::plan INFO: >>> WAIT_PLAN_MEM_CPP
2026-09-15T01:25:05.973943Z zisk_executor::plan INFO: <<< WAIT_PLAN_MEM_CPP (0ms)
2026-09-15T01:25:05.973945Z zisk_executor::executor INFO: >>> WAIT_ASM_RH
2026-09-15T01:25:05.973946Z zisk_executor::executor INFO: <<< WAIT_ASM_RH (0ms)
2026-09-15T01:25:05.975088Z proofman::utils INFO: --- TOTAL PROOF INSTANCES SUMMARY ------------------------
2026-09-15T01:25:05.975094Z proofman::utils INFO:     ► 10 Air instances found:
2026-09-15T01:25:05.975096Z proofman::utils INFO:       Air Group [Zisk]
2026-09-15T01:25:05.975097Z proofman::utils INFO:       · 1 x Air [Binary] (60 x 2^22)
2026-09-15T01:25:05.975098Z proofman::utils INFO:       · 1 x Air [BinaryExtensionFull] (58 x 2^22)
2026-09-15T01:25:05.975099Z proofman::utils INFO:       · 1 x Air [InputData] (29 x 2^21)
2026-09-15T01:25:05.975100Z proofman::utils INFO:       · 1 x Air [Main] (68 x 2^22)
2026-09-15T01:25:05.975101Z proofman::utils INFO:       · 1 x Air [Mem] (28 x 2^22)
2026-09-15T01:25:05.975102Z proofman::utils INFO:       · 1 x Air [MemAlign] (50 x 2^21)
2026-09-15T01:25:05.975102Z proofman::utils INFO:       · 1 x Air [Rom] (28 x 2^22)
2026-09-15T01:25:05.975103Z proofman::utils INFO:       · 1 x Air [RomData] (14 x 2^21)
2026-09-15T01:25:05.975104Z proofman::utils INFO:       · 1 x Air [VirtualTableZisk0] (39 x 2^21)
2026-09-15T01:25:05.975104Z proofman::utils INFO:       · 1 x Air [VirtualTableZisk1] (60 x 2^21)
2026-09-15T01:25:05.975105Z proofman::utils INFO: --- TOTAL PROVER MEMORY USAGE ----------------------------
2026-09-15T01:25:05.975107Z proofman::utils INFO:       · Binary: 6.43 GB per each of 1 instance | Witness : 1.22 GB
2026-09-15T01:25:05.975109Z proofman::utils INFO:       · BinaryExtensionFull: 5.65 GB per each of 1 instance | Witness : 1.06 GB
2026-09-15T01:25:05.975111Z proofman::utils INFO:       · InputData: 1.72 GB per each of 1 instance | Witness : 144.00 MB
2026-09-15T01:25:05.975112Z proofman::utils INFO:       · Main: 6.79 GB per each of 1 instance | Witness : 1.19 GB
2026-09-15T01:25:05.975113Z proofman::utils INFO:       · Mem: 3.39 GB per each of 1 instance | Witness : 416.00 MB
2026-09-15T01:25:05.975114Z proofman::utils INFO:       · MemAlign: 2.67 GB per each of 1 instance | Witness : 512.00 MB
2026-09-15T01:25:05.975115Z proofman::utils INFO:       · Rom: 2.64 GB per each of 1 instance | Witness : 32.00 MB
2026-09-15T01:25:05.975116Z proofman::utils INFO:       · RomData: 1.26 GB per each of 1 instance | Witness : 80.00 MB
2026-09-15T01:25:05.975117Z proofman::utils INFO:       · VirtualTableZisk0: 2.35 GB per each of 1 instance | Witness : 192.00 MB
2026-09-15T01:25:05.975118Z proofman::utils INFO:       · VirtualTableZisk1: 3.57 GB per each of 1 instance | Witness : 336.00 MB
2026-09-15T01:25:05.975119Z proofman::utils INFO:       Total memory required by proofman: 18.82 GB
2026-09-15T01:25:05.975120Z proofman::utils INFO: ----------------------------------------------------------
2026-09-15T01:25:05.975121Z proofman::utils INFO:       Extra memory tables (CPU): 528.00 MB
2026-09-15T01:25:05.975121Z proofman::utils INFO: ----------------------------------------------------------
2026-09-15T01:25:05.975128Z proofman::proofman INFO: <<< EXECUTE (15ms)
2026-09-15T01:25:05.975130Z proofman::proofman DEBUG: Initializing publics custom_commits
2026-09-15T01:25:05.975136Z proofman::proofman INFO: >>> CALCULATING_CONTRIBUTIONS
2026-09-15T01:25:05.975151Z proofman::proofman DEBUG: >>> CALCULATING_INNER_CONTRIBUTIONS
2026-09-15T01:25:05.975152Z proofman::proofman DEBUG: >>> PREPARING_CONTRIBUTIONS
2026-09-15T01:25:05.975153Z proofman::proofman DEBUG: <<< PREPARING_CONTRIBUTIONS (0ms)
2026-09-15T01:25:05.975155Z proofman::proofman DEBUG: >>> CALCULATING_WITNESS
2026-09-15T01:25:05.975200Z proofman::proofman DEBUG: >>> GENERATING_WC_0 [0:1]
2026-09-15T01:25:05.975244Z proofman::proofman DEBUG: >>> PREPARING_WC_0 [0:1]
2026-09-15T01:25:05.975721Z proofman::proofman DEBUG: <<< PREPARING_WC_0 [0:1] (0ms)
2026-09-15T01:25:05.975725Z proofman::proofman DEBUG: >>> COMPUTING_WC_0 [0:1]
2026-09-15T01:25:05.975909Z zisk_sm_rom::rom_instance DEBUG: ··· Creating Rom instance [4194304 rows]
2026-09-15T01:25:05.975943Z proofman::proofman DEBUG: >>> GET_CONTRIBUTION_AIR_0 [0:1]
2026-09-15T01:25:05.975966Z proofman::proofman DEBUG: <<< COMPUTING_WC_0 [0:1] (0ms)
2026-09-15T01:25:05.975977Z proofman::proofman DEBUG: <<< GENERATING_WC_0 [0:1] (0ms)
2026-09-15T01:25:05.976116Z proofman::proofman DEBUG: >>> GENERATING_WC_1 [0:0]
2026-09-15T01:25:05.976129Z proofman::proofman DEBUG: >>> PREPARING_WC_1 [0:0]
2026-09-15T01:25:05.976235Z proofman::proofman DEBUG: <<< PREPARING_WC_1 [0:0] (0ms)
2026-09-15T01:25:05.976240Z proofman::proofman DEBUG: >>> COMPUTING_WC_1 [0:0]
2026-09-15T01:25:05.976274Z zisk_sm_main::main_sm DEBUG: ··· Creating Main segment #0 [679 / 4194304 rows filled 0.02%]
2026-09-15T01:25:06.247274Z proofman::proofman DEBUG: <<< COMPUTING_WC_1 [0:0] (271ms)
2026-09-15T01:25:06.247291Z proofman::proofman DEBUG: <<< GENERATING_WC_1 [0:0] (271ms)
2026-09-15T01:25:06.247466Z proofman::proofman DEBUG: >>> GENERATING_WC_6 [0:10]
2026-09-15T01:25:06.247884Z proofman::proofman DEBUG: >>> PREPARING_WC_6 [0:10]
2026-09-15T01:25:06.248183Z proofman::proofman DEBUG: <<< PREPARING_WC_6 [0:10] (0ms)
2026-09-15T01:25:06.248189Z proofman::proofman DEBUG: >>> COMPUTING_WC_6 [0:10]
2026-09-15T01:25:10.136897Z proofman::proofman DEBUG: <<< GET_CONTRIBUTION_AIR_0 [0:1] (4160ms)
2026-09-15T01:25:10.136909Z proofman::proofman INFO: First GPU contribution queued
2026-09-15T01:25:10.136913Z proofman::proofman DEBUG: >>> GET_CONTRIBUTION_AIR_1 [0:0]
2026-09-15T01:25:22.810172Z proofman::proofman DEBUG: <<< GET_CONTRIBUTION_AIR_1 [0:0] (12673ms)
2026-09-15T01:25:22.810992Z zisk_sm_binary::binary_basic DEBUG: ··· Creating Binary instance [166 / 4194304 rows filled 0.00%]
2026-09-15T01:25:22.819735Z proofman::proofman DEBUG: >>> GET_CONTRIBUTION_AIR_6 [0:10]
2026-09-15T01:25:22.819741Z proofman::proofman DEBUG: <<< COMPUTING_WC_6 [0:10] (16571ms)
2026-09-15T01:25:22.819751Z proofman::proofman DEBUG: <<< GENERATING_WC_6 [0:10] (16572ms)
2026-09-15T01:25:22.819856Z proofman::proofman DEBUG: >>> GENERATING_WC_7 [0:14]
2026-09-15T01:25:22.819869Z proofman::proofman DEBUG: >>> PREPARING_WC_7 [0:14]
2026-09-15T01:25:22.820159Z proofman::proofman DEBUG: <<< PREPARING_WC_7 [0:14] (0ms)
2026-09-15T01:25:22.820170Z proofman::proofman DEBUG: >>> COMPUTING_WC_7 [0:14]
2026-09-15T01:25:35.160519Z proofman::proofman DEBUG: <<< GET_CONTRIBUTION_AIR_6 [0:10] (12340ms)
2026-09-15T01:25:35.161071Z zisk_sm_binary::binary_extension DEBUG: ··· Creating Binary ExtensionFull instance [61 / 4194304 rows filled 0.00%]
2026-09-15T01:25:35.168061Z proofman::proofman DEBUG: >>> GET_CONTRIBUTION_AIR_7 [0:14]
2026-09-15T01:25:35.168112Z proofman::proofman DEBUG: <<< COMPUTING_WC_7 [0:14] (12348ms)
2026-09-15T01:25:35.168120Z proofman::proofman DEBUG: <<< GENERATING_WC_7 [0:14] (12348ms)
2026-09-15T01:25:35.168371Z proofman::proofman DEBUG: >>> GENERATING_WC_5 [0:5]
2026-09-15T01:25:35.168409Z proofman::proofman DEBUG: >>> PREPARING_WC_5 [0:5]
2026-09-15T01:25:35.168595Z proofman::proofman DEBUG: <<< PREPARING_WC_5 [0:5] (0ms)
2026-09-15T01:25:35.168599Z proofman::proofman DEBUG: >>> COMPUTING_WC_5 [0:5]
2026-09-15T01:25:44.653834Z proofman::proofman DEBUG: <<< GET_CONTRIBUTION_AIR_7 [0:14] (9485ms)
2026-09-15T01:25:44.654242Z zisk_sm_mem::mem_align_sm DEBUG: ··· Creating Mem Align instance [89 / 2097152 rows filled 0.00%]
2026-09-15T01:25:44.657579Z proofman::proofman DEBUG: >>> GET_CONTRIBUTION_AIR_5 [0:5]
2026-09-15T01:25:44.657588Z proofman::proofman DEBUG: <<< COMPUTING_WC_5 [0:5] (9489ms)
2026-09-15T01:25:44.657596Z proofman::proofman DEBUG: <<< GENERATING_WC_5 [0:5] (9489ms)
2026-09-15T01:25:44.657707Z proofman::proofman DEBUG: >>> GENERATING_WC_2 [0:2]
2026-09-15T01:25:44.657779Z proofman::proofman DEBUG: >>> PREPARING_WC_2 [0:2]
2026-09-15T01:25:44.657941Z proofman::proofman DEBUG: <<< PREPARING_WC_2 [0:2] (0ms)
2026-09-15T01:25:44.657950Z proofman::proofman DEBUG: >>> COMPUTING_WC_2 [0:2]
2026-09-15T01:25:49.408069Z proofman::proofman DEBUG: <<< GET_CONTRIBUTION_AIR_5 [0:5] (4750ms)
2026-09-15T01:25:49.424104Z proofman::proofman DEBUG: >>> GET_CONTRIBUTION_AIR_2 [0:2]
2026-09-15T01:25:49.424111Z proofman::proofman DEBUG: <<< COMPUTING_WC_2 [0:2] (4766ms)
2026-09-15T01:25:49.424121Z proofman::proofman DEBUG: <<< GENERATING_WC_2 [0:2] (4766ms)
2026-09-15T01:25:49.424203Z proofman::proofman DEBUG: >>> GENERATING_WC_4 [0:3]
2026-09-15T01:25:49.424220Z proofman::proofman DEBUG: >>> PREPARING_WC_4 [0:3]
2026-09-15T01:25:49.424370Z proofman::proofman DEBUG: <<< PREPARING_WC_4 [0:3] (0ms)
2026-09-15T01:25:49.424375Z proofman::proofman DEBUG: >>> COMPUTING_WC_4 [0:3]
2026-09-15T01:25:55.641150Z proofman::proofman DEBUG: <<< GET_CONTRIBUTION_AIR_2 [0:2] (6217ms)
2026-09-15T01:25:55.648280Z proofman::proofman DEBUG: >>> GET_CONTRIBUTION_AIR_4 [0:3]
2026-09-15T01:25:55.648285Z proofman::proofman DEBUG: <<< COMPUTING_WC_4 [0:3] (6223ms)
2026-09-15T01:25:55.648293Z proofman::proofman DEBUG: <<< GENERATING_WC_4 [0:3] (6224ms)
2026-09-15T01:25:55.648413Z proofman::proofman DEBUG: >>> GENERATING_WC_3 [0:4]
2026-09-15T01:25:55.648436Z proofman::proofman DEBUG: >>> PREPARING_WC_3 [0:4]
2026-09-15T01:25:55.648641Z proofman::proofman DEBUG: <<< PREPARING_WC_3 [0:4] (0ms)
2026-09-15T01:25:55.648649Z proofman::proofman DEBUG: >>> COMPUTING_WC_3 [0:4]
2026-09-15T01:25:57.610690Z proofman::proofman DEBUG: <<< GET_CONTRIBUTION_AIR_4 [0:3] (1962ms)
2026-09-15T01:25:57.615403Z proofman::proofman DEBUG: >>> GET_CONTRIBUTION_AIR_3 [0:4]
2026-09-15T01:25:57.615405Z proofman::proofman DEBUG: <<< COMPUTING_WC_3 [0:4] (1966ms)
2026-09-15T01:25:57.615416Z proofman::proofman DEBUG: <<< GENERATING_WC_3 [0:4] (1967ms)
2026-09-15T01:25:57.615473Z proofman::proofman DEBUG: <<< CALCULATING_WITNESS (51640ms)
2026-09-15T01:25:57.615483Z proofman::proofman DEBUG: >>> CALCULATING_TABLES
2026-09-15T01:25:57.639549Z proofman::proofman DEBUG: <<< CALCULATING_TABLES (24ms)
2026-09-15T01:25:59.454631Z proofman::proofman DEBUG: <<< GET_CONTRIBUTION_AIR_3 [0:4] (1839ms)
2026-09-15T01:25:59.454645Z proofman::proofman DEBUG: >>> GET_CONTRIBUTION_AIR_8 [0:40]
2026-09-15T01:26:01.449267Z proofman::proofman DEBUG: <<< GET_CONTRIBUTION_AIR_8 [0:40] (1994ms)
2026-09-15T01:26:01.449280Z proofman::proofman DEBUG: >>> GET_CONTRIBUTION_AIR_9 [0:41]
2026-09-15T01:26:04.659819Z proofman::proofman DEBUG: <<< GET_CONTRIBUTION_AIR_9 [0:41] (3210ms)
2026-09-15T01:26:04.659926Z proofman::proofman DEBUG: <<< CALCULATING_INNER_CONTRIBUTIONS (58685ms)
2026-09-15T01:26:04.659936Z proofman::challenge_accumulation DEBUG: >>> CALCULATE_INTERNAL_CONTRIBUTION
2026-09-15T01:26:04.660353Z proofman::challenge_accumulation DEBUG: <<< CALCULATE_INTERNAL_CONTRIBUTION (0ms)
2026-09-15T01:26:04.660359Z proofman::proofman INFO: <<< CALCULATING_CONTRIBUTIONS (58685ms)
2026-09-15T01:26:04.660372Z proofman::proofman DEBUG: Worker contribution received: worker_index=0, airgroup_id=0, challenge(first 10)=[16081168078470022274, 8773879313975583265, 14533536841444401606, 12725158903382728595, 18328189824638943151, 2593957644436143871, 5096631689131739749, 17944228560250046292, 500266980279554403, 16630838798930895850]
2026-09-15T01:26:04.660511Z proofman::proofman INFO: ··· Global challenge: [11306364347716559190, 1146268669020459474, 6798239304172352561]
2026-09-15T01:26:04.660519Z proofman::proofman INFO: >>> GENERATING_PROOFS
2026-09-15T01:26:04.660520Z proofman::proofman INFO: >>> GENERATING_INNER_PROOFS
2026-09-15T01:26:04.660567Z proofman::proofman DEBUG: >>> CALCULATING_WITNESS
2026-09-15T01:26:04.660589Z proofman::proofman DEBUG: >>> GEN_PROOF_9 [0:41]
2026-09-15T01:26:04.660618Z proofman::proofman DEBUG: >>> GENERATING_WC_6 [0:10]
2026-09-15T01:26:04.660643Z proofman::proofman DEBUG: >>> PREPARING_WC_6 [0:10]
2026-09-15T01:26:04.660865Z proofman::proofman DEBUG: <<< PREPARING_WC_6 [0:10] (0ms)
2026-09-15T01:26:04.660878Z proofman::proofman DEBUG: >>> COMPUTING_WC_6 [0:10]
[TRACE] PilStark: --> STARK_PROOF starting...
[TRACE] PilStark: --> STARK_STEP_0 starting...
[TRACE] PilStark: <-- STARK_STEP_0 done: 0.000007 s
[TRACE] PilStark: --> STARK_STEP_1 starting...
[TRACE] PilStark: <-- STARK_STEP_1 done: 3.273813 s
[TRACE] PilStark: --> STARK_STEP_2 starting...
[TRACE] PilStark: --> STARK_CALCULATE_WITNESS_STD starting...
[TRACE] PilStark: <-- STARK_CALCULATE_WITNESS_STD done: 0.403150 s
[TRACE] PilStark: --> CALCULATE_IM_POLS starting...
[TRACE] PilStark: <-- CALCULATE_IM_POLS done: 0.000001 s
[TRACE] PilStark: --> STARK_COMMIT_STAGE_2 starting...
[TRACE] PilStark: <-- STARK_COMMIT_STAGE_2 done: 4.321961 s
[TRACE] PilStark: <-- STARK_STEP_2 done: 4.725154 s
[TRACE] PilStark: --> STARK_STEP_Q starting...
[TRACE] PilStark: --> STARK_CALCULATE_QUOTIENT_POLYNOMIAL starting...
[TRACE] PilStark: <-- STARK_CALCULATE_QUOTIENT_POLYNOMIAL done: 0.315676 s
[TRACE] PilStark: --> STARK_COMMIT_QUOTIENT_POLYNOMIAL starting...
[TRACE] PilStark: <-- STARK_COMMIT_QUOTIENT_POLYNOMIAL done: 1.866344 s
[TRACE] PilStark: <-- STARK_STEP_Q done: 2.182058 s
[TRACE] PilStark: --> STARK_STEP_EVALS starting...
[TRACE] PilStark: <-- STARK_STEP_EVALS done: 0.180762 s
[TRACE] PilStark: --> STARK_STEP_FRI starting...
[TRACE] PilStark: --> COMPUTE_FRI_POLYNOMIAL starting...
[TRACE] PilStark: <-- COMPUTE_FRI_POLYNOMIAL done: 0.375943 s
[TRACE] PilStark: --> STARK_FRI_FOLDING starting...
[TRACE] PilStark: <-- STARK_FRI_FOLDING done: 0.668146 s
[TRACE] PilStark: --> STARK_FRI_QUERIES starting...
[TRACE] PilStark: <-- STARK_FRI_QUERIES done: 0.110260 s
[TRACE] PilStark: <-- STARK_STEP_FRI done: 1.154384 s
[TRACE] PilStark: <-- STARK_PROOF done: 11.521739 s
2026-09-15T01:26:16.471008Z proofman::proofman DEBUG: <<< GEN_PROOF_9 [0:41] (11810ms)
2026-09-15T01:26:16.471019Z proofman::proofman DEBUG: >>> GEN_PROOF_8 [0:40]
2026-09-15T01:26:16.471033Z proofman::recursion DEBUG: >>> GENERATING_RECURSIVE1_WITNESS_9 [0:41]
2026-09-15T01:26:16.495705Z proofman::recursion DEBUG: <<< GENERATING_RECURSIVE1_WITNESS_9 [0:41] (24ms)
[TRACE] PilStark: --> STARK_PROOF starting...
[TRACE] PilStark: --> STARK_STEP_0 starting...
[TRACE] PilStark: <-- STARK_STEP_0 done: 0.000007 s
[TRACE] PilStark: --> STARK_STEP_1 starting...
[TRACE] PilStark: <-- STARK_STEP_1 done: 1.824214 s
[TRACE] PilStark: --> STARK_STEP_2 starting...
[TRACE] PilStark: --> STARK_CALCULATE_WITNESS_STD starting...
[TRACE] PilStark: <-- STARK_CALCULATE_WITNESS_STD done: 0.438776 s
[TRACE] PilStark: --> CALCULATE_IM_POLS starting...
[TRACE] PilStark: <-- CALCULATE_IM_POLS done: 0.000001 s
[TRACE] PilStark: --> STARK_COMMIT_STAGE_2 starting...
[TRACE] PilStark: <-- STARK_COMMIT_STAGE_2 done: 3.068632 s
[TRACE] PilStark: <-- STARK_STEP_2 done: 3.507437 s
[TRACE] PilStark: --> STARK_STEP_Q starting...
[TRACE] PilStark: --> STARK_CALCULATE_QUOTIENT_POLYNOMIAL starting...
[TRACE] PilStark: <-- STARK_CALCULATE_QUOTIENT_POLYNOMIAL done: 0.372140 s
[TRACE] PilStark: --> STARK_COMMIT_QUOTIENT_POLYNOMIAL starting...
[TRACE] PilStark: <-- STARK_COMMIT_QUOTIENT_POLYNOMIAL done: 1.785702 s
[TRACE] PilStark: <-- STARK_STEP_Q done: 2.157871 s
[TRACE] PilStark: --> STARK_STEP_EVALS starting...
[TRACE] PilStark: <-- STARK_STEP_EVALS done: 0.163874 s
[TRACE] PilStark: --> STARK_STEP_FRI starting...
[TRACE] PilStark: --> COMPUTE_FRI_POLYNOMIAL starting...
[TRACE] PilStark: <-- COMPUTE_FRI_POLYNOMIAL done: 0.359155 s
[TRACE] PilStark: --> STARK_FRI_FOLDING starting...
[TRACE] PilStark: <-- STARK_FRI_FOLDING done: 0.648828 s
[TRACE] PilStark: --> STARK_FRI_QUERIES starting...
[TRACE] PilStark: <-- STARK_FRI_QUERIES done: 0.141531 s
[TRACE] PilStark: <-- STARK_STEP_FRI done: 1.149553 s
[TRACE] PilStark: <-- STARK_PROOF done: 8.807836 s
2026-09-15T01:26:25.624487Z proofman::proofman DEBUG: <<< GEN_PROOF_8 [0:40] (9153ms)
2026-09-15T01:26:25.624500Z proofman::proofman DEBUG: >>> GEN_PROOF_3 [0:4]
2026-09-15T01:26:25.624492Z proofman::recursion DEBUG: >>> GENERATING_RECURSIVE1_WITNESS_8 [0:40]
[TRACE] PilStark: --> STARK_PROOF starting...
[TRACE] PilStark: --> STARK_STEP_0 starting...
[TRACE] PilStark: <-- STARK_STEP_0 done: 0.000010 s
[TRACE] PilStark: --> STARK_STEP_1 starting...
[TRACE] PilStark: <-- STARK_STEP_1 done: 1.853911 s
[TRACE] PilStark: --> STARK_STEP_2 starting...
[TRACE] PilStark: --> STARK_CALCULATE_WITNESS_STD starting...
[TRACE] PilStark: <-- STARK_CALCULATE_WITNESS_STD done: 0.029754 s
[TRACE] PilStark: --> CALCULATE_IM_POLS starting...
[TRACE] PilStark: <-- CALCULATE_IM_POLS done: 0.000002 s
[TRACE] PilStark: --> STARK_COMMIT_STAGE_2 starting...
[TRACE] PilStark: <-- STARK_COMMIT_STAGE_2 done: 1.778036 s
[TRACE] PilStark: <-- STARK_STEP_2 done: 1.807821 s
[TRACE] PilStark: --> STARK_STEP_Q starting...
[TRACE] PilStark: --> STARK_CALCULATE_QUOTIENT_POLYNOMIAL starting...
[TRACE] PilStark: <-- STARK_CALCULATE_QUOTIENT_POLYNOMIAL done: 0.200683 s
[TRACE] PilStark: --> STARK_COMMIT_QUOTIENT_POLYNOMIAL starting...
[TRACE] PilStark: <-- STARK_COMMIT_QUOTIENT_POLYNOMIAL done: 1.777164 s
[TRACE] PilStark: <-- STARK_STEP_Q done: 1.977880 s
[TRACE] PilStark: --> STARK_STEP_EVALS starting...
[TRACE] PilStark: <-- STARK_STEP_EVALS done: 0.097406 s
[TRACE] PilStark: --> STARK_STEP_FRI starting...
[TRACE] PilStark: --> COMPUTE_FRI_POLYNOMIAL starting...
[TRACE] PilStark: <-- COMPUTE_FRI_POLYNOMIAL done: 0.106158 s
[TRACE] PilStark: --> STARK_FRI_FOLDING starting...
[TRACE] PilStark: <-- STARK_FRI_FOLDING done: 0.654374 s
[TRACE] PilStark: --> STARK_FRI_QUERIES starting...
[TRACE] PilStark: <-- STARK_FRI_QUERIES done: 0.002948 s
[TRACE] PilStark: <-- STARK_STEP_FRI done: 0.763509 s
[TRACE] PilStark: <-- STARK_PROOF done: 6.504590 s
2026-09-15T01:26:32.166672Z proofman::proofman DEBUG: <<< GEN_PROOF_3 [0:4] (6542ms)
2026-09-15T01:26:32.166687Z proofman::proofman DEBUG: >>> GEN_PROOF_0 [0:1]
2026-09-15T01:26:32.166694Z zisk_sm_binary::binary_basic DEBUG: ··· Creating Binary instance [166 / 4194304 rows filled 0.00%]
2026-09-15T01:26:32.174258Z proofman::proofman DEBUG: <<< COMPUTING_WC_6 [0:10] (27513ms)
2026-09-15T01:26:32.174278Z proofman::proofman DEBUG: <<< GENERATING_WC_6 [0:10] (27513ms)
2026-09-15T01:26:32.174378Z proofman::proofman DEBUG: >>> GENERATING_WC_1 [0:0]
2026-09-15T01:26:32.174401Z proofman::proofman DEBUG: >>> PREPARING_WC_1 [0:0]
2026-09-15T01:26:32.174439Z proofman::proofman DEBUG: <<< PREPARING_WC_1 [0:0] (0ms)
2026-09-15T01:26:32.174447Z proofman::proofman DEBUG: >>> COMPUTING_WC_1 [0:0]
[TRACE] PilStark: --> STARK_PROOF starting...
[TRACE] PilStark: --> STARK_STEP_0 starting...
[TRACE] PilStark: <-- STARK_STEP_0 done: 0.000014 s
[TRACE] PilStark: --> STARK_STEP_1 starting...
[TRACE] PilStark: <-- STARK_STEP_1 done: 3.432943 s
[TRACE] PilStark: --> STARK_STEP_2 starting...
[TRACE] PilStark: --> STARK_CALCULATE_WITNESS_STD starting...
[TRACE] PilStark: <-- STARK_CALCULATE_WITNESS_STD done: 0.353171 s
[TRACE] PilStark: --> CALCULATE_IM_POLS starting...
[TRACE] PilStark: <-- CALCULATE_IM_POLS done: 0.000001 s
[TRACE] PilStark: --> STARK_COMMIT_STAGE_2 starting...
[TRACE] PilStark: <-- STARK_COMMIT_STAGE_2 done: 3.780619 s
[TRACE] PilStark: <-- STARK_STEP_2 done: 4.133816 s
[TRACE] PilStark: --> STARK_STEP_Q starting...
[TRACE] PilStark: --> STARK_CALCULATE_QUOTIENT_POLYNOMIAL starting...
[TRACE] PilStark: <-- STARK_CALCULATE_QUOTIENT_POLYNOMIAL done: 0.369705 s
[TRACE] PilStark: --> STARK_COMMIT_QUOTIENT_POLYNOMIAL starting...
[TRACE] PilStark: <-- STARK_COMMIT_QUOTIENT_POLYNOMIAL done: 3.856762 s
[TRACE] PilStark: <-- STARK_STEP_Q done: 4.226497 s
[TRACE] PilStark: --> STARK_STEP_EVALS starting...
[TRACE] PilStark: <-- STARK_STEP_EVALS done: 0.247625 s
[TRACE] PilStark: --> STARK_STEP_FRI starting...
[TRACE] PilStark: --> COMPUTE_FRI_POLYNOMIAL starting...
[TRACE] PilStark: <-- COMPUTE_FRI_POLYNOMIAL done: 0.290657 s
[TRACE] PilStark: --> STARK_FRI_FOLDING starting...
[TRACE] PilStark: <-- STARK_FRI_FOLDING done: 1.366166 s
[TRACE] PilStark: --> STARK_FRI_QUERIES starting...
[TRACE] PilStark: <-- STARK_FRI_QUERIES done: 0.095216 s
[TRACE] PilStark: <-- STARK_STEP_FRI done: 1.752077 s
[TRACE] PilStark: <-- STARK_PROOF done: 13.807683 s
2026-09-15T01:26:46.320612Z proofman::proofman DEBUG: <<< GEN_PROOF_0 [0:1] (14154ms)
2026-09-15T01:26:46.346092Z proofman::proofman DEBUG: >>> GEN_PROOF_6 [0:10]
[TRACE] PilStark: --> STARK_PROOF starting...
[TRACE] PilStark: --> STARK_STEP_0 starting...
[TRACE] PilStark: <-- STARK_STEP_0 done: 0.000011 s
[TRACE] PilStark: --> STARK_STEP_1 starting...
[TRACE] PilStark: <-- STARK_STEP_1 done: 12.374544 s
[TRACE] PilStark: --> STARK_STEP_2 starting...
[TRACE] PilStark: --> STARK_CALCULATE_WITNESS_STD starting...
[TRACE] PilStark: <-- STARK_CALCULATE_WITNESS_STD done: 0.695583 s
[TRACE] PilStark: --> CALCULATE_IM_POLS starting...
[TRACE] PilStark: <-- CALCULATE_IM_POLS done: 0.000002 s
[TRACE] PilStark: --> STARK_COMMIT_STAGE_2 starting...
[TRACE] PilStark: <-- STARK_COMMIT_STAGE_2 done: 6.586657 s
[TRACE] PilStark: <-- STARK_STEP_2 done: 7.282270 s
[TRACE] PilStark: --> STARK_STEP_Q starting...
[TRACE] PilStark: --> STARK_CALCULATE_QUOTIENT_POLYNOMIAL starting...
[TRACE] PilStark: <-- STARK_CALCULATE_QUOTIENT_POLYNOMIAL done: 0.812617 s
[TRACE] PilStark: --> STARK_COMMIT_QUOTIENT_POLYNOMIAL starting...
[TRACE] PilStark: <-- STARK_COMMIT_QUOTIENT_POLYNOMIAL done: 3.849056 s
[TRACE] PilStark: <-- STARK_STEP_Q done: 4.661703 s
[TRACE] PilStark: --> STARK_STEP_EVALS starting...
[TRACE] PilStark: <-- STARK_STEP_EVALS done: 0.254554 s
[TRACE] PilStark: --> STARK_STEP_FRI starting...
[TRACE] PilStark: --> COMPUTE_FRI_POLYNOMIAL starting...
[TRACE] PilStark: <-- COMPUTE_FRI_POLYNOMIAL done: 0.501286 s
[TRACE] PilStark: --> STARK_FRI_FOLDING starting...
[TRACE] PilStark: <-- STARK_FRI_FOLDING done: 1.376917 s
[TRACE] PilStark: --> STARK_FRI_QUERIES starting...
[TRACE] PilStark: <-- STARK_FRI_QUERIES done: 0.010931 s
[TRACE] PilStark: <-- STARK_STEP_FRI done: 1.889170 s
[TRACE] PilStark: <-- STARK_PROOF done: 26.470993 s
2026-09-15T01:27:12.888850Z proofman::proofman DEBUG: <<< GEN_PROOF_6 [0:10] (26542ms)
2026-09-15T01:27:12.888897Z proofman::recursion DEBUG: >>> GEN_RECURSIVE_PROOF_Recursive1 [0:41]
2026-09-15T01:27:12.888873Z zisk_sm_main::main_sm DEBUG: ··· Creating Main segment #0 [679 / 4194304 rows filled 0.02%]
2026-09-15T01:27:12.900406Z proofman::proofman DEBUG: <<< COMPUTING_WC_1 [0:0] (40726ms)
2026-09-15T01:27:12.900441Z proofman::proofman DEBUG: <<< GENERATING_WC_1 [0:0] (40726ms)
2026-09-15T01:27:12.900533Z proofman::proofman DEBUG: >>> GENERATING_WC_7 [0:14]
2026-09-15T01:27:12.900564Z proofman::proofman DEBUG: >>> PREPARING_WC_7 [0:14]
2026-09-15T01:27:12.900734Z proofman::proofman DEBUG: <<< PREPARING_WC_7 [0:14] (0ms)
2026-09-15T01:27:12.900738Z proofman::proofman DEBUG: >>> COMPUTING_WC_7 [0:14]
2026-09-15T01:27:12.928823Z proofman::recursion DEBUG: <<< GENERATING_RECURSIVE1_WITNESS_8 [0:40] (47304ms)
2026-09-15T01:27:12.928845Z proofman::recursion DEBUG: >>> GENERATING_RECURSIVE1_WITNESS_3 [0:4]
[TRACE] PilStark: --> STARK_PROOF starting...
[TRACE] PilStark: --> STARK_STEP_0 starting...
[TRACE] PilStark: <-- STARK_STEP_0 done: 0.000114 s
[TRACE] PilStark: --> STARK_STEP_1 starting...
[TRACE] PilStark: <-- STARK_STEP_1 done: 1.541787 s
[TRACE] PilStark: --> STARK_STEP_2 starting...
[TRACE] PilStark: --> STARK_CALCULATE_WITNESS_STD starting...
[TRACE] PilStark: <-- STARK_CALCULATE_WITNESS_STD done: 0.022057 s
[TRACE] PilStark: --> CALCULATE_IM_POLS starting...
[TRACE] PilStark: <-- CALCULATE_IM_POLS done: 0.000009 s
[TRACE] PilStark: --> STARK_COMMIT_STAGE_2 starting...
[TRACE] PilStark: <-- STARK_COMMIT_STAGE_2 done: 0.525311 s
[TRACE] PilStark: <-- STARK_STEP_2 done: 0.547405 s
[TRACE] PilStark: --> STARK_STEP_Q starting...
[TRACE] PilStark: --> STARK_CALCULATE_QUOTIENT_POLYNOMIAL starting...
[TRACE] PilStark: <-- STARK_CALCULATE_QUOTIENT_POLYNOMIAL done: 0.748626 s
[TRACE] PilStark: --> STARK_COMMIT_QUOTIENT_POLYNOMIAL starting...
[TRACE] PilStark: <-- STARK_COMMIT_QUOTIENT_POLYNOMIAL done: 0.917981 s
[TRACE] PilStark: <-- STARK_STEP_Q done: 1.666647 s
[TRACE] PilStark: --> STARK_STEP_EVALS starting...
[TRACE] PilStark: <-- STARK_STEP_EVALS done: 0.032277 s
[TRACE] PilStark: --> STARK_STEP_FRI starting...
[TRACE] PilStark: --> COMPUTE_FRI_POLYNOMIAL starting...
[TRACE] PilStark: <-- COMPUTE_FRI_POLYNOMIAL done: 0.171790 s
[TRACE] PilStark: --> STARK_FRI_FOLDING starting...
[TRACE] PilStark: <-- STARK_FRI_FOLDING done: 0.170885 s
[TRACE] PilStark: --> STARK_FRI_QUERIES starting...
[TRACE] PilStark: <-- STARK_FRI_QUERIES done: 0.083991 s
[TRACE] PilStark: <-- STARK_STEP_FRI done: 0.426701 s
[TRACE] PilStark: <-- STARK_PROOF done: 4.220676 s
2026-09-15T01:27:17.201052Z proofman::recursion DEBUG: <<< GEN_RECURSIVE_PROOF_Recursive1 [0:41] (4312ms)
2026-09-15T01:27:17.201071Z proofman::proofman DEBUG: >>> GEN_PROOF_1 [0:0]
[TRACE] PilStark: --> STARK_PROOF starting...
[TRACE] PilStark: --> STARK_STEP_0 starting...
[TRACE] PilStark: <-- STARK_STEP_0 done: 0.000009 s
[TRACE] PilStark: --> STARK_STEP_1 starting...
[TRACE] PilStark: <-- STARK_STEP_1 done: 12.588571 s
[TRACE] PilStark: --> STARK_STEP_2 starting...
[TRACE] PilStark: --> STARK_CALCULATE_WITNESS_STD starting...
[TRACE] PilStark: <-- STARK_CALCULATE_WITNESS_STD done: 0.645192 s
[TRACE] PilStark: --> CALCULATE_IM_POLS starting...
[TRACE] PilStark: <-- CALCULATE_IM_POLS done: 0.000008 s
[TRACE] PilStark: --> STARK_COMMIT_STAGE_2 starting...
[TRACE] PilStark: <-- STARK_COMMIT_STAGE_2 done: 7.410464 s
[TRACE] PilStark: <-- STARK_STEP_2 done: 8.055759 s
[TRACE] PilStark: --> STARK_STEP_Q starting...
[TRACE] PilStark: --> STARK_CALCULATE_QUOTIENT_POLYNOMIAL starting...
[TRACE] PilStark: <-- STARK_CALCULATE_QUOTIENT_POLYNOMIAL done: 5.239251 s
[TRACE] PilStark: --> STARK_COMMIT_QUOTIENT_POLYNOMIAL starting...
[TRACE] PilStark: <-- STARK_COMMIT_QUOTIENT_POLYNOMIAL done: 3.968499 s
[TRACE] PilStark: <-- STARK_STEP_Q done: 9.207782 s
[TRACE] PilStark: --> STARK_STEP_EVALS starting...
[TRACE] PilStark: <-- STARK_STEP_EVALS done: 0.335448 s
[TRACE] PilStark: --> STARK_STEP_FRI starting...
[TRACE] PilStark: --> COMPUTE_FRI_POLYNOMIAL starting...
[TRACE] PilStark: <-- COMPUTE_FRI_POLYNOMIAL done: 0.653552 s
[TRACE] PilStark: --> STARK_FRI_FOLDING starting...
[TRACE] PilStark: <-- STARK_FRI_FOLDING done: 1.408289 s
[TRACE] PilStark: --> STARK_FRI_QUERIES starting...
[TRACE] PilStark: <-- STARK_FRI_QUERIES done: 0.008363 s
[TRACE] PilStark: <-- STARK_STEP_FRI done: 2.070232 s
[TRACE] PilStark: <-- STARK_PROOF done: 32.267076 s
2026-09-15T01:27:49.555328Z proofman::proofman DEBUG: <<< GEN_PROOF_1 [0:0] (32354ms)
2026-09-15T01:27:49.555350Z proofman::recursion DEBUG: >>> GEN_RECURSIVE_PROOF_Recursive1 [0:40]
2026-09-15T01:27:49.555353Z zisk_sm_binary::binary_extension DEBUG: ··· Creating Binary ExtensionFull instance [61 / 4194304 rows filled 0.00%]
2026-09-15T01:27:49.561776Z proofman::proofman DEBUG: <<< COMPUTING_WC_7 [0:14] (36661ms)
2026-09-15T01:27:49.561796Z proofman::proofman DEBUG: <<< GENERATING_WC_7 [0:14] (36661ms)
2026-09-15T01:27:49.561895Z proofman::proofman DEBUG: >>> GENERATING_WC_5 [0:5]
2026-09-15T01:27:49.561921Z proofman::proofman DEBUG: >>> PREPARING_WC_5 [0:5]
2026-09-15T01:27:49.562055Z proofman::proofman DEBUG: <<< PREPARING_WC_5 [0:5] (0ms)
2026-09-15T01:27:49.562057Z proofman::proofman DEBUG: >>> COMPUTING_WC_5 [0:5]
2026-09-15T01:27:49.595763Z proofman::recursion DEBUG: <<< GENERATING_RECURSIVE1_WITNESS_3 [0:4] (36667ms)
2026-09-15T01:27:49.595785Z proofman::recursion DEBUG: >>> GENERATING_RECURSIVE1_WITNESS_0 [0:1]
[TRACE] PilStark: --> STARK_PROOF starting...
[TRACE] PilStark: --> STARK_STEP_0 starting...
[TRACE] PilStark: <-- STARK_STEP_0 done: 0.000121 s
[TRACE] PilStark: --> STARK_STEP_1 starting...
[TRACE] PilStark: <-- STARK_STEP_1 done: 1.563078 s
[TRACE] PilStark: --> STARK_STEP_2 starting...
[TRACE] PilStark: --> STARK_CALCULATE_WITNESS_STD starting...
[TRACE] PilStark: <-- STARK_CALCULATE_WITNESS_STD done: 0.021564 s
[TRACE] PilStark: --> CALCULATE_IM_POLS starting...
[TRACE] PilStark: <-- CALCULATE_IM_POLS done: 0.000002 s
[TRACE] PilStark: --> STARK_COMMIT_STAGE_2 starting...
[TRACE] PilStark: <-- STARK_COMMIT_STAGE_2 done: 0.524013 s
[TRACE] PilStark: <-- STARK_STEP_2 done: 0.545602 s
[TRACE] PilStark: --> STARK_STEP_Q starting...
[TRACE] PilStark: --> STARK_CALCULATE_QUOTIENT_POLYNOMIAL starting...
[TRACE] PilStark: <-- STARK_CALCULATE_QUOTIENT_POLYNOMIAL done: 0.817119 s
[TRACE] PilStark: --> STARK_COMMIT_QUOTIENT_POLYNOMIAL starting...
[TRACE] PilStark: <-- STARK_COMMIT_QUOTIENT_POLYNOMIAL done: 0.878725 s
[TRACE] PilStark: <-- STARK_STEP_Q done: 1.695879 s
[TRACE] PilStark: --> STARK_STEP_EVALS starting...
[TRACE] PilStark: <-- STARK_STEP_EVALS done: 0.025350 s
[TRACE] PilStark: --> STARK_STEP_FRI starting...
[TRACE] PilStark: --> COMPUTE_FRI_POLYNOMIAL starting...
[TRACE] PilStark: <-- COMPUTE_FRI_POLYNOMIAL done: 0.160047 s
[TRACE] PilStark: --> STARK_FRI_FOLDING starting...
[TRACE] PilStark: <-- STARK_FRI_FOLDING done: 0.197974 s
[TRACE] PilStark: --> STARK_FRI_QUERIES starting...
[TRACE] PilStark: <-- STARK_FRI_QUERIES done: 0.262915 s
[TRACE] PilStark: <-- STARK_STEP_FRI done: 0.620970 s
[TRACE] PilStark: <-- STARK_PROOF done: 4.452459 s
2026-09-15T01:27:54.099053Z proofman::recursion DEBUG: <<< GEN_RECURSIVE_PROOF_Recursive1 [0:40] (4543ms)
2026-09-15T01:27:54.099066Z proofman::proofman DEBUG: >>> GEN_PROOF_7 [0:14]
[TRACE] PilStark: --> STARK_PROOF starting...
[TRACE] PilStark: --> STARK_STEP_0 starting...
[TRACE] PilStark: <-- STARK_STEP_0 done: 0.000010 s
[TRACE] PilStark: --> STARK_STEP_1 starting...
[TRACE] PilStark: <-- STARK_STEP_1 done: 9.864256 s
[TRACE] PilStark: --> STARK_STEP_2 starting...
[TRACE] PilStark: --> STARK_CALCULATE_WITNESS_STD starting...
[TRACE] PilStark: <-- STARK_CALCULATE_WITNESS_STD done: 0.708584 s
[TRACE] PilStark: --> CALCULATE_IM_POLS starting...
[TRACE] PilStark: <-- CALCULATE_IM_POLS done: 0.000002 s
[TRACE] PilStark: --> STARK_COMMIT_STAGE_2 starting...
[TRACE] PilStark: <-- STARK_COMMIT_STAGE_2 done: 7.007608 s
[TRACE] PilStark: <-- STARK_STEP_2 done: 7.716223 s
[TRACE] PilStark: --> STARK_STEP_Q starting...
[TRACE] PilStark: --> STARK_CALCULATE_QUOTIENT_POLYNOMIAL starting...
[TRACE] PilStark: <-- STARK_CALCULATE_QUOTIENT_POLYNOMIAL done: 1.045085 s
[TRACE] PilStark: --> STARK_COMMIT_QUOTIENT_POLYNOMIAL starting...
[TRACE] PilStark: <-- STARK_COMMIT_QUOTIENT_POLYNOMIAL done: 3.985599 s
[TRACE] PilStark: <-- STARK_STEP_Q done: 5.030714 s
[TRACE] PilStark: --> STARK_STEP_EVALS starting...
[TRACE] PilStark: <-- STARK_STEP_EVALS done: 0.282927 s
[TRACE] PilStark: --> STARK_STEP_FRI starting...
[TRACE] PilStark: --> COMPUTE_FRI_POLYNOMIAL starting...
[TRACE] PilStark: <-- COMPUTE_FRI_POLYNOMIAL done: 0.515523 s
[TRACE] PilStark: --> STARK_FRI_FOLDING starting...
[TRACE] PilStark: <-- STARK_FRI_FOLDING done: 1.413833 s
[TRACE] PilStark: --> STARK_FRI_QUERIES starting...
[TRACE] PilStark: <-- STARK_FRI_QUERIES done: 0.018713 s
[TRACE] PilStark: <-- STARK_STEP_FRI done: 1.948108 s
[TRACE] PilStark: <-- STARK_PROOF done: 24.851403 s
2026-09-15T01:28:19.022938Z proofman::proofman DEBUG: <<< GEN_PROOF_7 [0:14] (24924ms)
2026-09-15T01:28:19.022966Z proofman::recursion DEBUG: >>> GEN_RECURSIVE_PROOF_Recursive1 [0:4]
2026-09-15T01:28:19.022975Z zisk_sm_mem::mem_align_sm DEBUG: ··· Creating Mem Align instance [89 / 2097152 rows filled 0.00%]
2026-09-15T01:28:19.026233Z proofman::proofman DEBUG: <<< COMPUTING_WC_5 [0:5] (29464ms)
2026-09-15T01:28:19.026246Z proofman::proofman DEBUG: <<< GENERATING_WC_5 [0:5] (29464ms)
2026-09-15T01:28:19.026336Z proofman::proofman DEBUG: >>> GENERATING_WC_2 [0:2]
2026-09-15T01:28:19.026358Z proofman::proofman DEBUG: >>> PREPARING_WC_2 [0:2]
2026-09-15T01:28:19.026584Z proofman::proofman DEBUG: <<< PREPARING_WC_2 [0:2] (0ms)
2026-09-15T01:28:19.026595Z proofman::proofman DEBUG: >>> COMPUTING_WC_2 [0:2]
2026-09-15T01:28:19.062523Z proofman::recursion DEBUG: <<< GENERATING_RECURSIVE1_WITNESS_0 [0:1] (29466ms)
2026-09-15T01:28:19.062547Z proofman::recursion DEBUG: >>> GENERATING_RECURSIVE1_WITNESS_6 [0:10]
[TRACE] PilStark: --> STARK_PROOF starting...
[TRACE] PilStark: --> STARK_STEP_0 starting...
[TRACE] PilStark: <-- STARK_STEP_0 done: 0.000116 s
[TRACE] PilStark: --> STARK_STEP_1 starting...
[TRACE] PilStark: <-- STARK_STEP_1 done: 1.600515 s
[TRACE] PilStark: --> STARK_STEP_2 starting...
[TRACE] PilStark: --> STARK_CALCULATE_WITNESS_STD starting...
[TRACE] PilStark: <-- STARK_CALCULATE_WITNESS_STD done: 0.025262 s
[TRACE] PilStark: --> CALCULATE_IM_POLS starting...
[TRACE] PilStark: <-- CALCULATE_IM_POLS done: 0.000002 s
[TRACE] PilStark: --> STARK_COMMIT_STAGE_2 starting...
[TRACE] PilStark: <-- STARK_COMMIT_STAGE_2 done: 0.498189 s
[TRACE] PilStark: <-- STARK_STEP_2 done: 0.523479 s
[TRACE] PilStark: --> STARK_STEP_Q starting...
[TRACE] PilStark: --> STARK_CALCULATE_QUOTIENT_POLYNOMIAL starting...
[TRACE] PilStark: <-- STARK_CALCULATE_QUOTIENT_POLYNOMIAL done: 0.813252 s
[TRACE] PilStark: --> STARK_COMMIT_QUOTIENT_POLYNOMIAL starting...
[TRACE] PilStark: <-- STARK_COMMIT_QUOTIENT_POLYNOMIAL done: 0.910944 s
[TRACE] PilStark: <-- STARK_STEP_Q done: 1.724226 s
[TRACE] PilStark: --> STARK_STEP_EVALS starting...
[TRACE] PilStark: <-- STARK_STEP_EVALS done: 0.027175 s
[TRACE] PilStark: --> STARK_STEP_FRI starting...
[TRACE] PilStark: --> COMPUTE_FRI_POLYNOMIAL starting...
[TRACE] PilStark: <-- COMPUTE_FRI_POLYNOMIAL done: 0.179959 s
[TRACE] PilStark: --> STARK_FRI_FOLDING starting...
[TRACE] PilStark: <-- STARK_FRI_FOLDING done: 0.198653 s
[TRACE] PilStark: --> STARK_FRI_QUERIES starting...
[TRACE] PilStark: <-- STARK_FRI_QUERIES done: 0.052239 s
[TRACE] PilStark: <-- STARK_STEP_FRI done: 0.430890 s
[TRACE] PilStark: <-- STARK_PROOF done: 4.307729 s
2026-09-15T01:28:23.418204Z proofman::recursion DEBUG: <<< GEN_RECURSIVE_PROOF_Recursive1 [0:4] (4395ms)
2026-09-15T01:28:23.418222Z proofman::proofman DEBUG: >>> GEN_PROOF_5 [0:5]
[TRACE] PilStark: --> STARK_PROOF starting...
[TRACE] PilStark: --> STARK_STEP_0 starting...
[TRACE] PilStark: <-- STARK_STEP_0 done: 0.000007 s
[TRACE] PilStark: --> STARK_STEP_1 starting...
[TRACE] PilStark: <-- STARK_STEP_1 done: 5.062037 s
[TRACE] PilStark: --> STARK_STEP_2 starting...
[TRACE] PilStark: --> STARK_CALCULATE_WITNESS_STD starting...
[TRACE] PilStark: <-- STARK_CALCULATE_WITNESS_STD done: 0.145617 s
[TRACE] PilStark: --> CALCULATE_IM_POLS starting...
[TRACE] PilStark: <-- CALCULATE_IM_POLS done: 0.000002 s
[TRACE] PilStark: --> STARK_COMMIT_STAGE_2 starting...
[TRACE] PilStark: <-- STARK_COMMIT_STAGE_2 done: 2.192701 s
[TRACE] PilStark: <-- STARK_STEP_2 done: 2.338348 s
[TRACE] PilStark: --> STARK_STEP_Q starting...
[TRACE] PilStark: --> STARK_CALCULATE_QUOTIENT_POLYNOMIAL starting...
[TRACE] PilStark: <-- STARK_CALCULATE_QUOTIENT_POLYNOMIAL done: 0.523086 s
[TRACE] PilStark: --> STARK_COMMIT_QUOTIENT_POLYNOMIAL starting...
[TRACE] PilStark: <-- STARK_COMMIT_QUOTIENT_POLYNOMIAL done: 2.213606 s
[TRACE] PilStark: <-- STARK_STEP_Q done: 2.736724 s
[TRACE] PilStark: --> STARK_STEP_EVALS starting...
[TRACE] PilStark: <-- STARK_STEP_EVALS done: 0.186744 s
[TRACE] PilStark: --> STARK_STEP_FRI starting...
[TRACE] PilStark: --> COMPUTE_FRI_POLYNOMIAL starting...
[TRACE] PilStark: <-- COMPUTE_FRI_POLYNOMIAL done: 0.409810 s
[TRACE] PilStark: --> STARK_FRI_FOLDING starting...
[TRACE] PilStark: <-- STARK_FRI_FOLDING done: 0.851654 s
[TRACE] PilStark: --> STARK_FRI_QUERIES starting...
[TRACE] PilStark: <-- STARK_FRI_QUERIES done: 0.007260 s
[TRACE] PilStark: <-- STARK_STEP_FRI done: 1.268761 s
[TRACE] PilStark: <-- STARK_PROOF done: 11.597327 s
2026-09-15T01:28:35.053587Z proofman::proofman DEBUG: <<< GEN_PROOF_5 [0:5] (11635ms)
2026-09-15T01:28:35.053621Z proofman::recursion DEBUG: >>> GEN_RECURSIVE_PROOF_Recursive1 [0:1]
2026-09-15T01:28:35.068725Z proofman::proofman DEBUG: <<< COMPUTING_WC_2 [0:2] (16042ms)
2026-09-15T01:28:35.068734Z proofman::proofman DEBUG: <<< GENERATING_WC_2 [0:2] (16042ms)
2026-09-15T01:28:35.068831Z proofman::proofman DEBUG: >>> GENERATING_WC_4 [0:3]
2026-09-15T01:28:35.068859Z proofman::proofman DEBUG: >>> PREPARING_WC_4 [0:3]
2026-09-15T01:28:35.069270Z proofman::proofman DEBUG: <<< PREPARING_WC_4 [0:3] (0ms)
2026-09-15T01:28:35.069273Z proofman::proofman DEBUG: >>> COMPUTING_WC_4 [0:3]
2026-09-15T01:28:35.095020Z proofman::recursion DEBUG: <<< GENERATING_RECURSIVE1_WITNESS_6 [0:10] (16032ms)
2026-09-15T01:28:35.095042Z proofman::recursion DEBUG: >>> GENERATING_RECURSIVE1_WITNESS_1 [0:0]
[TRACE] PilStark: --> STARK_PROOF starting...
[TRACE] PilStark: --> STARK_STEP_0 starting...
[TRACE] PilStark: <-- STARK_STEP_0 done: 0.000136 s
[TRACE] PilStark: --> STARK_STEP_1 starting...
[TRACE] PilStark: <-- STARK_STEP_1 done: 1.860456 s
[TRACE] PilStark: --> STARK_STEP_2 starting...
[TRACE] PilStark: --> STARK_CALCULATE_WITNESS_STD starting...
[TRACE] PilStark: <-- STARK_CALCULATE_WITNESS_STD done: 0.025381 s
[TRACE] PilStark: --> CALCULATE_IM_POLS starting...
[TRACE] PilStark: <-- CALCULATE_IM_POLS done: 0.000001 s
[TRACE] PilStark: --> STARK_COMMIT_STAGE_2 starting...
[TRACE] PilStark: <-- STARK_COMMIT_STAGE_2 done: 0.564430 s
[TRACE] PilStark: <-- STARK_STEP_2 done: 0.589843 s
[TRACE] PilStark: --> STARK_STEP_Q starting...
[TRACE] PilStark: --> STARK_CALCULATE_QUOTIENT_POLYNOMIAL starting...
[TRACE] PilStark: <-- STARK_CALCULATE_QUOTIENT_POLYNOMIAL done: 0.927617 s
[TRACE] PilStark: --> STARK_COMMIT_QUOTIENT_POLYNOMIAL starting...
[TRACE] PilStark: <-- STARK_COMMIT_QUOTIENT_POLYNOMIAL done: 0.961332 s
[TRACE] PilStark: <-- STARK_STEP_Q done: 1.888982 s
[TRACE] PilStark: --> STARK_STEP_EVALS starting...
[TRACE] PilStark: <-- STARK_STEP_EVALS done: 0.028640 s
[TRACE] PilStark: --> STARK_STEP_FRI starting...
[TRACE] PilStark: --> COMPUTE_FRI_POLYNOMIAL starting...
[TRACE] PilStark: <-- COMPUTE_FRI_POLYNOMIAL done: 0.194612 s
[TRACE] PilStark: --> STARK_FRI_FOLDING starting...
[TRACE] PilStark: <-- STARK_FRI_FOLDING done: 0.201083 s
[TRACE] PilStark: --> STARK_FRI_QUERIES starting...
[TRACE] PilStark: <-- STARK_FRI_QUERIES done: 0.034838 s
[TRACE] PilStark: <-- STARK_STEP_FRI done: 0.430571 s
[TRACE] PilStark: <-- STARK_PROOF done: 4.800076 s
2026-09-15T01:28:39.941310Z proofman::recursion DEBUG: <<< GEN_RECURSIVE_PROOF_Recursive1 [0:1] (4887ms)
2026-09-15T01:28:39.941327Z proofman::proofman DEBUG: >>> GEN_PROOF_2 [0:2]
[TRACE] PilStark: --> STARK_PROOF starting...
[TRACE] PilStark: --> STARK_STEP_0 starting...
[TRACE] PilStark: <-- STARK_STEP_0 done: 0.000010 s
[TRACE] PilStark: --> STARK_STEP_1 starting...
[TRACE] PilStark: <-- STARK_STEP_1 done: 7.154024 s
[TRACE] PilStark: --> STARK_STEP_2 starting...
[TRACE] PilStark: --> STARK_CALCULATE_WITNESS_STD starting...
[TRACE] PilStark: <-- STARK_CALCULATE_WITNESS_STD done: 0.214687 s
[TRACE] PilStark: --> CALCULATE_IM_POLS starting...
[TRACE] PilStark: <-- CALCULATE_IM_POLS done: 0.000002 s
[TRACE] PilStark: --> STARK_COMMIT_STAGE_2 starting...
[TRACE] PilStark: <-- STARK_COMMIT_STAGE_2 done: 4.375867 s
[TRACE] PilStark: <-- STARK_STEP_2 done: 4.590588 s
[TRACE] PilStark: --> STARK_STEP_Q starting...
[TRACE] PilStark: --> STARK_CALCULATE_QUOTIENT_POLYNOMIAL starting...
[TRACE] PilStark: <-- STARK_CALCULATE_QUOTIENT_POLYNOMIAL done: 0.770213 s
[TRACE] PilStark: --> STARK_COMMIT_QUOTIENT_POLYNOMIAL starting...
[TRACE] PilStark: <-- STARK_COMMIT_QUOTIENT_POLYNOMIAL done: 4.236332 s
[TRACE] PilStark: <-- STARK_STEP_Q done: 5.006581 s
[TRACE] PilStark: --> STARK_STEP_EVALS starting...
[TRACE] PilStark: <-- STARK_STEP_EVALS done: 0.249697 s
[TRACE] PilStark: --> STARK_STEP_FRI starting...
[TRACE] PilStark: --> COMPUTE_FRI_POLYNOMIAL starting...
[TRACE] PilStark: <-- COMPUTE_FRI_POLYNOMIAL done: 0.370911 s
[TRACE] PilStark: --> STARK_FRI_FOLDING starting...
[TRACE] PilStark: <-- STARK_FRI_FOLDING done: 1.501040 s
[TRACE] PilStark: --> STARK_FRI_QUERIES starting...
[TRACE] PilStark: <-- STARK_FRI_QUERIES done: 0.023138 s
[TRACE] PilStark: <-- STARK_STEP_FRI done: 1.895122 s
[TRACE] PilStark: <-- STARK_PROOF done: 18.905376 s
2026-09-15T01:28:58.919494Z proofman::proofman DEBUG: <<< GEN_PROOF_2 [0:2] (18978ms)
2026-09-15T01:28:58.919517Z proofman::recursion DEBUG: >>> GEN_RECURSIVE_PROOF_Recursive1 [0:10]
2026-09-15T01:28:58.926783Z proofman::proofman DEBUG: <<< COMPUTING_WC_4 [0:3] (23857ms)
2026-09-15T01:28:58.926798Z proofman::proofman DEBUG: <<< GENERATING_WC_4 [0:3] (23858ms)
2026-09-15T01:28:58.926857Z proofman::proofman DEBUG: <<< CALCULATING_WITNESS (174267ms)
2026-09-15T01:28:58.958018Z proofman::recursion DEBUG: <<< GENERATING_RECURSIVE1_WITNESS_1 [0:0] (23863ms)
2026-09-15T01:28:58.958037Z proofman::recursion DEBUG: >>> GENERATE_WITNESS_AGGREGATION
[TRACE] PilStark: --> STARK_PROOF starting...
[TRACE] PilStark: --> STARK_STEP_0 starting...
[TRACE] PilStark: <-- STARK_STEP_0 done: 0.000120 s
[TRACE] PilStark: --> STARK_STEP_1 starting...
[TRACE] PilStark: <-- STARK_STEP_1 done: 1.736655 s
[TRACE] PilStark: --> STARK_STEP_2 starting...
[TRACE] PilStark: --> STARK_CALCULATE_WITNESS_STD starting...
[TRACE] PilStark: <-- STARK_CALCULATE_WITNESS_STD done: 0.026008 s
[TRACE] PilStark: --> CALCULATE_IM_POLS starting...
[TRACE] PilStark: <-- CALCULATE_IM_POLS done: 0.000002 s
[TRACE] PilStark: --> STARK_COMMIT_STAGE_2 starting...
[TRACE] PilStark: <-- STARK_COMMIT_STAGE_2 done: 0.533325 s
[TRACE] PilStark: <-- STARK_STEP_2 done: 0.559364 s
[TRACE] PilStark: --> STARK_STEP_Q starting...
[TRACE] PilStark: --> STARK_CALCULATE_QUOTIENT_POLYNOMIAL starting...
[TRACE] PilStark: <-- STARK_CALCULATE_QUOTIENT_POLYNOMIAL done: 0.918360 s
[TRACE] PilStark: --> STARK_COMMIT_QUOTIENT_POLYNOMIAL starting...
[TRACE] PilStark: <-- STARK_COMMIT_QUOTIENT_POLYNOMIAL done: 0.954848 s
[TRACE] PilStark: <-- STARK_STEP_Q done: 1.873240 s
[TRACE] PilStark: --> STARK_STEP_EVALS starting...
[TRACE] PilStark: <-- STARK_STEP_EVALS done: 0.028438 s
[TRACE] PilStark: --> STARK_STEP_FRI starting...
[TRACE] PilStark: --> COMPUTE_FRI_POLYNOMIAL starting...
[TRACE] PilStark: <-- COMPUTE_FRI_POLYNOMIAL done: 0.182692 s
[TRACE] PilStark: --> STARK_FRI_FOLDING starting...
[TRACE] PilStark: <-- STARK_FRI_FOLDING done: 0.244483 s
[TRACE] PilStark: --> STARK_FRI_QUERIES starting...
[TRACE] PilStark: <-- STARK_FRI_QUERIES done: 0.202275 s
[TRACE] PilStark: <-- STARK_STEP_FRI done: 0.629490 s
[TRACE] PilStark: <-- STARK_PROOF done: 4.828683 s
2026-09-15T01:29:03.838269Z proofman::recursion DEBUG: <<< GEN_RECURSIVE_PROOF_Recursive1 [0:10] (4918ms)
2026-09-15T01:29:03.838284Z proofman::proofman DEBUG: >>> GEN_PROOF_4 [0:3]
[TRACE] PilStark: --> STARK_PROOF starting...
[TRACE] PilStark: --> STARK_STEP_0 starting...
[TRACE] PilStark: <-- STARK_STEP_0 done: 0.000010 s
[TRACE] PilStark: --> STARK_STEP_1 starting...
[TRACE] PilStark: <-- STARK_STEP_1 done: 2.370689 s
[TRACE] PilStark: --> STARK_STEP_2 starting...
[TRACE] PilStark: --> STARK_CALCULATE_WITNESS_STD starting...
[TRACE] PilStark: <-- STARK_CALCULATE_WITNESS_STD done: 0.113296 s
[TRACE] PilStark: --> CALCULATE_IM_POLS starting...
[TRACE] PilStark: <-- CALCULATE_IM_POLS done: 0.004364 s
[TRACE] PilStark: --> STARK_COMMIT_STAGE_2 starting...
[TRACE] PilStark: <-- STARK_COMMIT_STAGE_2 done: 4.138999 s
[TRACE] PilStark: <-- STARK_STEP_2 done: 4.256709 s
[TRACE] PilStark: --> STARK_STEP_Q starting...
[TRACE] PilStark: --> STARK_CALCULATE_QUOTIENT_POLYNOMIAL starting...
[TRACE] PilStark: <-- STARK_CALCULATE_QUOTIENT_POLYNOMIAL done: 0.391254 s
[TRACE] PilStark: --> STARK_COMMIT_QUOTIENT_POLYNOMIAL starting...
[TRACE] PilStark: <-- STARK_COMMIT_QUOTIENT_POLYNOMIAL done: 2.544082 s
[TRACE] PilStark: <-- STARK_STEP_Q done: 2.935370 s
[TRACE] PilStark: --> STARK_STEP_EVALS starting...
[TRACE] PilStark: <-- STARK_STEP_EVALS done: 0.151330 s
[TRACE] PilStark: --> STARK_STEP_FRI starting...
[TRACE] PilStark: --> COMPUTE_FRI_POLYNOMIAL starting...
[TRACE] PilStark: <-- COMPUTE_FRI_POLYNOMIAL done: 0.210771 s
[TRACE] PilStark: --> STARK_FRI_FOLDING starting...
[TRACE] PilStark: <-- STARK_FRI_FOLDING done: 0.944815 s
[TRACE] PilStark: --> STARK_FRI_QUERIES starting...
[TRACE] PilStark: <-- STARK_FRI_QUERIES done: 0.006344 s
[TRACE] PilStark: <-- STARK_STEP_FRI done: 1.161967 s
[TRACE] PilStark: <-- STARK_PROOF done: 10.881457 s
2026-09-15T01:29:14.756540Z proofman::proofman DEBUG: <<< GEN_PROOF_4 [0:3] (10918ms)
2026-09-15T01:29:14.756559Z proofman::recursion DEBUG: >>> GEN_RECURSIVE_PROOF_Recursive1 [0:0]
2026-09-15T01:29:14.797752Z proofman::recursion DEBUG: <<< GENERATE_WITNESS_AGGREGATION (15839ms)
2026-09-15T01:29:14.797777Z proofman::recursion DEBUG: >>> GENERATING_RECURSIVE1_WITNESS_7 [0:14]
[TRACE] PilStark: --> STARK_PROOF starting...
[TRACE] PilStark: --> STARK_STEP_0 starting...
[TRACE] PilStark: <-- STARK_STEP_0 done: 0.000126 s
[TRACE] PilStark: --> STARK_STEP_1 starting...
[TRACE] PilStark: <-- STARK_STEP_1 done: 2.009285 s
[TRACE] PilStark: --> STARK_STEP_2 starting...
[TRACE] PilStark: --> STARK_CALCULATE_WITNESS_STD starting...
[TRACE] PilStark: <-- STARK_CALCULATE_WITNESS_STD done: 0.027303 s
[TRACE] PilStark: --> CALCULATE_IM_POLS starting...
[TRACE] PilStark: <-- CALCULATE_IM_POLS done: 0.000002 s
[TRACE] PilStark: --> STARK_COMMIT_STAGE_2 starting...
[TRACE] PilStark: <-- STARK_COMMIT_STAGE_2 done: 0.626893 s
[TRACE] PilStark: <-- STARK_STEP_2 done: 0.654227 s
[TRACE] PilStark: --> STARK_STEP_Q starting...
[TRACE] PilStark: --> STARK_CALCULATE_QUOTIENT_POLYNOMIAL starting...
[TRACE] PilStark: <-- STARK_CALCULATE_QUOTIENT_POLYNOMIAL done: 1.030907 s
[TRACE] PilStark: --> STARK_COMMIT_QUOTIENT_POLYNOMIAL starting...
[TRACE] PilStark: <-- STARK_COMMIT_QUOTIENT_POLYNOMIAL done: 1.102169 s
[TRACE] PilStark: <-- STARK_STEP_Q done: 2.133108 s
[TRACE] PilStark: --> STARK_STEP_EVALS starting...
[TRACE] PilStark: <-- STARK_STEP_EVALS done: 0.030617 s
[TRACE] PilStark: --> STARK_STEP_FRI starting...
[TRACE] PilStark: --> COMPUTE_FRI_POLYNOMIAL starting...
[TRACE] PilStark: <-- COMPUTE_FRI_POLYNOMIAL done: 0.203091 s
[TRACE] PilStark: --> STARK_FRI_FOLDING starting...
[TRACE] PilStark: <-- STARK_FRI_FOLDING done: 0.244843 s
[TRACE] PilStark: --> STARK_FRI_QUERIES starting...
[TRACE] PilStark: <-- STARK_FRI_QUERIES done: 0.180344 s
[TRACE] PilStark: <-- STARK_STEP_FRI done: 0.628313 s
[TRACE] PilStark: <-- STARK_PROOF done: 5.457405 s
2026-09-15T01:29:20.302912Z proofman::recursion DEBUG: <<< GEN_RECURSIVE_PROOF_Recursive1 [0:0] (5546ms)
2026-09-15T01:29:20.302930Z proofman::recursion DEBUG: >>> GEN_RECURSIVE_PROOF_Recursive2 [0:0]
2026-09-15T01:29:20.344182Z proofman::recursion DEBUG: <<< GENERATING_RECURSIVE1_WITNESS_7 [0:14] (5546ms)
2026-09-15T01:29:20.344202Z proofman::recursion DEBUG: >>> GENERATING_RECURSIVE1_WITNESS_5 [0:5]
[TRACE] PilStark: --> STARK_PROOF starting...
[TRACE] PilStark: --> STARK_STEP_0 starting...
[TRACE] PilStark: <-- STARK_STEP_0 done: 0.000136 s
[TRACE] PilStark: --> STARK_STEP_1 starting...
[TRACE] PilStark: <-- STARK_STEP_1 done: 2.040999 s
[TRACE] PilStark: --> STARK_STEP_2 starting...
[TRACE] PilStark: --> STARK_CALCULATE_WITNESS_STD starting...
[TRACE] PilStark: <-- STARK_CALCULATE_WITNESS_STD done: 0.027343 s
[TRACE] PilStark: --> CALCULATE_IM_POLS starting...
[TRACE] PilStark: <-- CALCULATE_IM_POLS done: 0.000002 s
[TRACE] PilStark: --> STARK_COMMIT_STAGE_2 starting...
[TRACE] PilStark: <-- STARK_COMMIT_STAGE_2 done: 0.635844 s
[TRACE] PilStark: <-- STARK_STEP_2 done: 0.663217 s
[TRACE] PilStark: --> STARK_STEP_Q starting...
[TRACE] PilStark: --> STARK_CALCULATE_QUOTIENT_POLYNOMIAL starting...
[TRACE] PilStark: <-- STARK_CALCULATE_QUOTIENT_POLYNOMIAL done: 1.032059 s
[TRACE] PilStark: --> STARK_COMMIT_QUOTIENT_POLYNOMIAL starting...
[TRACE] PilStark: <-- STARK_COMMIT_QUOTIENT_POLYNOMIAL done: 1.225371 s
[TRACE] PilStark: <-- STARK_STEP_Q done: 2.257460 s
[TRACE] PilStark: --> STARK_STEP_EVALS starting...
[TRACE] PilStark: <-- STARK_STEP_EVALS done: 0.040044 s
[TRACE] PilStark: --> STARK_STEP_FRI starting...
[TRACE] PilStark: --> COMPUTE_FRI_POLYNOMIAL starting...
[TRACE] PilStark: <-- COMPUTE_FRI_POLYNOMIAL done: 0.274516 s
[TRACE] PilStark: --> STARK_FRI_FOLDING starting...
[TRACE] PilStark: <-- STARK_FRI_FOLDING done: 0.283984 s
[TRACE] PilStark: --> STARK_FRI_QUERIES starting...
[TRACE] PilStark: <-- STARK_FRI_QUERIES done: 0.206980 s
[TRACE] PilStark: <-- STARK_STEP_FRI done: 0.765529 s
[TRACE] PilStark: <-- STARK_PROOF done: 5.768903 s
2026-09-15T01:29:26.158376Z proofman::recursion DEBUG: <<< GEN_RECURSIVE_PROOF_Recursive2 [0:0] (5855ms)
2026-09-15T01:29:26.158397Z proofman::recursion DEBUG: >>> GEN_RECURSIVE_PROOF_Recursive1 [0:14]
[TRACE] PilStark: --> STARK_PROOF starting...
[TRACE] PilStark: --> STARK_STEP_0 starting...
[TRACE] PilStark: <-- STARK_STEP_0 done: 0.000232 s
[TRACE] PilStark: --> STARK_STEP_1 starting...
2026-09-15T01:29:26.378841Z proofman::recursion DEBUG: <<< GENERATING_RECURSIVE1_WITNESS_5 [0:5] (6034ms)
2026-09-15T01:29:26.378883Z proofman::recursion DEBUG: >>> GENERATING_RECURSIVE1_WITNESS_2 [0:2]
[TRACE] PilStark: <-- STARK_STEP_1 done: 2.046258 s
[TRACE] PilStark: --> STARK_STEP_2 starting...
[TRACE] PilStark: --> STARK_CALCULATE_WITNESS_STD starting...
[TRACE] PilStark: <-- STARK_CALCULATE_WITNESS_STD done: 0.025760 s
[TRACE] PilStark: --> CALCULATE_IM_POLS starting...
[TRACE] PilStark: <-- CALCULATE_IM_POLS done: 0.000002 s
[TRACE] PilStark: --> STARK_COMMIT_STAGE_2 starting...
[TRACE] PilStark: <-- STARK_COMMIT_STAGE_2 done: 0.562291 s
[TRACE] PilStark: <-- STARK_STEP_2 done: 0.588075 s
[TRACE] PilStark: --> STARK_STEP_Q starting...
[TRACE] PilStark: --> STARK_CALCULATE_QUOTIENT_POLYNOMIAL starting...
[TRACE] PilStark: <-- STARK_CALCULATE_QUOTIENT_POLYNOMIAL done: 0.834507 s
[TRACE] PilStark: --> STARK_COMMIT_QUOTIENT_POLYNOMIAL starting...
[TRACE] PilStark: <-- STARK_COMMIT_QUOTIENT_POLYNOMIAL done: 0.892576 s
[TRACE] PilStark: <-- STARK_STEP_Q done: 1.727111 s
[TRACE] PilStark: --> STARK_STEP_EVALS starting...
[TRACE] PilStark: <-- STARK_STEP_EVALS done: 0.026350 s
[TRACE] PilStark: --> STARK_STEP_FRI starting...
[TRACE] PilStark: --> COMPUTE_FRI_POLYNOMIAL starting...
[TRACE] PilStark: <-- COMPUTE_FRI_POLYNOMIAL done: 0.175475 s
[TRACE] PilStark: --> STARK_FRI_FOLDING starting...
[TRACE] PilStark: <-- STARK_FRI_FOLDING done: 0.190724 s
[TRACE] PilStark: --> STARK_FRI_QUERIES starting...
[TRACE] PilStark: <-- STARK_FRI_QUERIES done: 0.007079 s
[TRACE] PilStark: <-- STARK_STEP_FRI done: 0.373310 s
[TRACE] PilStark: <-- STARK_PROOF done: 4.764708 s
2026-09-15T01:29:31.114057Z proofman::recursion DEBUG: <<< GEN_RECURSIVE_PROOF_Recursive1 [0:14] (4955ms)
2026-09-15T01:29:31.114086Z proofman::recursion DEBUG: >>> GEN_RECURSIVE_PROOF_Recursive1 [0:5]
2026-09-15T01:29:31.149438Z proofman::recursion DEBUG: <<< GENERATING_RECURSIVE1_WITNESS_2 [0:2] (4770ms)
2026-09-15T01:29:31.149459Z proofman::recursion DEBUG: >>> GENERATE_WITNESS_AGGREGATION
[TRACE] PilStark: --> STARK_PROOF starting...
[TRACE] PilStark: --> STARK_STEP_0 starting...
[TRACE] PilStark: <-- STARK_STEP_0 done: 0.000121 s
[TRACE] PilStark: --> STARK_STEP_1 starting...
[TRACE] PilStark: <-- STARK_STEP_1 done: 1.594627 s
[TRACE] PilStark: --> STARK_STEP_2 starting...
[TRACE] PilStark: --> STARK_CALCULATE_WITNESS_STD starting...
[TRACE] PilStark: <-- STARK_CALCULATE_WITNESS_STD done: 0.024749 s
[TRACE] PilStark: --> CALCULATE_IM_POLS starting...
[TRACE] PilStark: <-- CALCULATE_IM_POLS done: 0.000002 s
[TRACE] PilStark: --> STARK_COMMIT_STAGE_2 starting...
[TRACE] PilStark: <-- STARK_COMMIT_STAGE_2 done: 0.501741 s
[TRACE] PilStark: <-- STARK_STEP_2 done: 0.526520 s
[TRACE] PilStark: --> STARK_STEP_Q starting...
[TRACE] PilStark: --> STARK_CALCULATE_QUOTIENT_POLYNOMIAL starting...
[TRACE] PilStark: <-- STARK_CALCULATE_QUOTIENT_POLYNOMIAL done: 0.822685 s
[TRACE] PilStark: --> STARK_COMMIT_QUOTIENT_POLYNOMIAL starting...
[TRACE] PilStark: <-- STARK_COMMIT_QUOTIENT_POLYNOMIAL done: 0.933164 s
[TRACE] PilStark: <-- STARK_STEP_Q done: 1.755878 s
[TRACE] PilStark: --> STARK_STEP_EVALS starting...
[TRACE] PilStark: <-- STARK_STEP_EVALS done: 0.030787 s
[TRACE] PilStark: --> STARK_STEP_FRI starting...
[TRACE] PilStark: --> COMPUTE_FRI_POLYNOMIAL starting...
[TRACE] PilStark: <-- COMPUTE_FRI_POLYNOMIAL done: 0.239979 s
[TRACE] PilStark: --> STARK_FRI_FOLDING starting...
[TRACE] PilStark: <-- STARK_FRI_FOLDING done: 0.230948 s
[TRACE] PilStark: --> STARK_FRI_QUERIES starting...
[TRACE] PilStark: <-- STARK_FRI_QUERIES done: 0.033585 s
[TRACE] PilStark: <-- STARK_STEP_FRI done: 0.504547 s
[TRACE] PilStark: <-- STARK_PROOF done: 4.413766 s
2026-09-15T01:29:35.611821Z proofman::recursion DEBUG: <<< GEN_RECURSIVE_PROOF_Recursive1 [0:5] (4497ms)
2026-09-15T01:29:35.611842Z proofman::recursion DEBUG: >>> GEN_RECURSIVE_PROOF_Recursive1 [0:2]
2026-09-15T01:29:35.643611Z proofman::recursion DEBUG: <<< GENERATE_WITNESS_AGGREGATION (4494ms)
2026-09-15T01:29:35.643632Z proofman::recursion DEBUG: >>> GENERATING_RECURSIVE1_WITNESS_4 [0:3]
[TRACE] PilStark: --> STARK_PROOF starting...
[TRACE] PilStark: --> STARK_STEP_0 starting...
[TRACE] PilStark: <-- STARK_STEP_0 done: 0.000119 s
[TRACE] PilStark: --> STARK_STEP_1 starting...
[TRACE] PilStark: <-- STARK_STEP_1 done: 1.689999 s
[TRACE] PilStark: --> STARK_STEP_2 starting...
[TRACE] PilStark: --> STARK_CALCULATE_WITNESS_STD starting...
[TRACE] PilStark: <-- STARK_CALCULATE_WITNESS_STD done: 0.023708 s
[TRACE] PilStark: --> CALCULATE_IM_POLS starting...
[TRACE] PilStark: <-- CALCULATE_IM_POLS done: 0.000002 s
[TRACE] PilStark: --> STARK_COMMIT_STAGE_2 starting...
[TRACE] PilStark: <-- STARK_COMMIT_STAGE_2 done: 0.518772 s
[TRACE] PilStark: <-- STARK_STEP_2 done: 0.542509 s
[TRACE] PilStark: --> STARK_STEP_Q starting...
[TRACE] PilStark: --> STARK_CALCULATE_QUOTIENT_POLYNOMIAL starting...
[TRACE] PilStark: <-- STARK_CALCULATE_QUOTIENT_POLYNOMIAL done: 0.897344 s
[TRACE] PilStark: --> STARK_COMMIT_QUOTIENT_POLYNOMIAL starting...
[TRACE] PilStark: <-- STARK_COMMIT_QUOTIENT_POLYNOMIAL done: 0.967421 s
[TRACE] PilStark: <-- STARK_STEP_Q done: 1.864797 s
[TRACE] PilStark: --> STARK_STEP_EVALS starting...
[TRACE] PilStark: <-- STARK_STEP_EVALS done: 0.028242 s
[TRACE] PilStark: --> STARK_STEP_FRI starting...
[TRACE] PilStark: --> COMPUTE_FRI_POLYNOMIAL starting...
[TRACE] PilStark: <-- COMPUTE_FRI_POLYNOMIAL done: 0.197976 s
[TRACE] PilStark: --> STARK_FRI_FOLDING starting...
[TRACE] PilStark: <-- STARK_FRI_FOLDING done: 0.193329 s
[TRACE] PilStark: --> STARK_FRI_QUERIES starting...
[TRACE] PilStark: <-- STARK_FRI_QUERIES done: 0.010253 s
[TRACE] PilStark: <-- STARK_STEP_FRI done: 0.401594 s
[TRACE] PilStark: <-- STARK_PROOF done: 4.528608 s
2026-09-15T01:29:40.224751Z proofman::recursion DEBUG: <<< GEN_RECURSIVE_PROOF_Recursive1 [0:2] (4612ms)
2026-09-15T01:29:40.224768Z proofman::recursion DEBUG: >>> GEN_RECURSIVE_PROOF_Recursive2 [0:0]
2026-09-15T01:29:40.253726Z proofman::recursion DEBUG: <<< GENERATING_RECURSIVE1_WITNESS_4 [0:3] (4610ms)
[TRACE] PilStark: --> STARK_PROOF starting...
[TRACE] PilStark: --> STARK_STEP_0 starting...
[TRACE] PilStark: <-- STARK_STEP_0 done: 0.000124 s
[TRACE] PilStark: --> STARK_STEP_1 starting...
[TRACE] PilStark: <-- STARK_STEP_1 done: 1.674576 s
[TRACE] PilStark: --> STARK_STEP_2 starting...
[TRACE] PilStark: --> STARK_CALCULATE_WITNESS_STD starting...
[TRACE] PilStark: <-- STARK_CALCULATE_WITNESS_STD done: 0.026147 s
[TRACE] PilStark: --> CALCULATE_IM_POLS starting...
[TRACE] PilStark: <-- CALCULATE_IM_POLS done: 0.000002 s
[TRACE] PilStark: --> STARK_COMMIT_STAGE_2 starting...
[TRACE] PilStark: <-- STARK_COMMIT_STAGE_2 done: 0.573667 s
[TRACE] PilStark: <-- STARK_STEP_2 done: 0.599844 s
[TRACE] PilStark: --> STARK_STEP_Q starting...
[TRACE] PilStark: --> STARK_CALCULATE_QUOTIENT_POLYNOMIAL starting...
[TRACE] PilStark: <-- STARK_CALCULATE_QUOTIENT_POLYNOMIAL done: 0.920767 s
[TRACE] PilStark: --> STARK_COMMIT_QUOTIENT_POLYNOMIAL starting...
[TRACE] PilStark: <-- STARK_COMMIT_QUOTIENT_POLYNOMIAL done: 0.948305 s
[TRACE] PilStark: <-- STARK_STEP_Q done: 1.869103 s
[TRACE] PilStark: --> STARK_STEP_EVALS starting...
[TRACE] PilStark: <-- STARK_STEP_EVALS done: 0.031389 s
[TRACE] PilStark: --> STARK_STEP_FRI starting...
[TRACE] PilStark: --> COMPUTE_FRI_POLYNOMIAL starting...
[TRACE] PilStark: <-- COMPUTE_FRI_POLYNOMIAL done: 0.216480 s
[TRACE] PilStark: --> STARK_FRI_FOLDING starting...
[TRACE] PilStark: <-- STARK_FRI_FOLDING done: 0.200310 s
[TRACE] PilStark: --> STARK_FRI_QUERIES starting...
[TRACE] PilStark: <-- STARK_FRI_QUERIES done: 0.052203 s
[TRACE] PilStark: <-- STARK_STEP_FRI done: 0.469027 s
[TRACE] PilStark: <-- STARK_PROOF done: 4.645337 s
2026-09-15T01:29:44.934137Z proofman::recursion DEBUG: <<< GEN_RECURSIVE_PROOF_Recursive2 [0:0] (4709ms)
2026-09-15T01:29:44.934156Z proofman::recursion DEBUG: >>> GEN_RECURSIVE_PROOF_Recursive1 [0:3]
2026-09-15T01:29:44.934164Z proofman::recursion DEBUG: >>> GENERATE_WITNESS_AGGREGATION
2026-09-15T01:29:44.962071Z proofman::recursion DEBUG: <<< GENERATE_WITNESS_AGGREGATION (27ms)
2026-09-15T01:29:44.962095Z proofman::recursion DEBUG: >>> GENERATE_WITNESS_AGGREGATION
[TRACE] PilStark: --> STARK_PROOF starting...
[TRACE] PilStark: --> STARK_STEP_0 starting...
[TRACE] PilStark: <-- STARK_STEP_0 done: 0.000130 s
[TRACE] PilStark: --> STARK_STEP_1 starting...
[TRACE] PilStark: <-- STARK_STEP_1 done: 1.610150 s
[TRACE] PilStark: --> STARK_STEP_2 starting...
[TRACE] PilStark: --> STARK_CALCULATE_WITNESS_STD starting...
[TRACE] PilStark: <-- STARK_CALCULATE_WITNESS_STD done: 0.026687 s
[TRACE] PilStark: --> CALCULATE_IM_POLS starting...
[TRACE] PilStark: <-- CALCULATE_IM_POLS done: 0.000002 s
[TRACE] PilStark: --> STARK_COMMIT_STAGE_2 starting...
[TRACE] PilStark: <-- STARK_COMMIT_STAGE_2 done: 0.556825 s
[TRACE] PilStark: <-- STARK_STEP_2 done: 0.583543 s
[TRACE] PilStark: --> STARK_STEP_Q starting...
[TRACE] PilStark: --> STARK_CALCULATE_QUOTIENT_POLYNOMIAL starting...
[TRACE] PilStark: <-- STARK_CALCULATE_QUOTIENT_POLYNOMIAL done: 0.866276 s
[TRACE] PilStark: --> STARK_COMMIT_QUOTIENT_POLYNOMIAL starting...
[TRACE] PilStark: <-- STARK_COMMIT_QUOTIENT_POLYNOMIAL done: 0.870848 s
[TRACE] PilStark: <-- STARK_STEP_Q done: 1.737154 s
[TRACE] PilStark: --> STARK_STEP_EVALS starting...
[TRACE] PilStark: <-- STARK_STEP_EVALS done: 0.027084 s
[TRACE] PilStark: --> STARK_STEP_FRI starting...
[TRACE] PilStark: --> COMPUTE_FRI_POLYNOMIAL starting...
[TRACE] PilStark: <-- COMPUTE_FRI_POLYNOMIAL done: 0.184978 s
[TRACE] PilStark: --> STARK_FRI_FOLDING starting...
[TRACE] PilStark: <-- STARK_FRI_FOLDING done: 0.178245 s
[TRACE] PilStark: --> STARK_FRI_QUERIES starting...
[TRACE] PilStark: <-- STARK_FRI_QUERIES done: 0.041726 s
[TRACE] PilStark: <-- STARK_STEP_FRI done: 0.404982 s
[TRACE] PilStark: <-- STARK_PROOF done: 4.364397 s
2026-09-15T01:29:49.384432Z proofman::recursion DEBUG: <<< GEN_RECURSIVE_PROOF_Recursive1 [0:3] (4450ms)
2026-09-15T01:29:49.384449Z proofman::recursion DEBUG: >>> GEN_RECURSIVE_PROOF_Recursive2 [0:0]
[TRACE] PilStark: --> STARK_PROOF starting...
[TRACE] PilStark: --> STARK_STEP_0 starting...
[TRACE] PilStark: <-- STARK_STEP_0 done: 0.000122 s
[TRACE] PilStark: --> STARK_STEP_1 starting...
2026-09-15T01:29:49.408706Z proofman::recursion DEBUG: <<< GENERATE_WITNESS_AGGREGATION (4446ms)
[TRACE] PilStark: <-- STARK_STEP_1 done: 1.554735 s
[TRACE] PilStark: --> STARK_STEP_2 starting...
[TRACE] PilStark: --> STARK_CALCULATE_WITNESS_STD starting...
[TRACE] PilStark: <-- STARK_CALCULATE_WITNESS_STD done: 0.023399 s
[TRACE] PilStark: --> CALCULATE_IM_POLS starting...
[TRACE] PilStark: <-- CALCULATE_IM_POLS done: 0.000001 s
[TRACE] PilStark: --> STARK_COMMIT_STAGE_2 starting...
[TRACE] PilStark: <-- STARK_COMMIT_STAGE_2 done: 0.508901 s
[TRACE] PilStark: <-- STARK_STEP_2 done: 0.532329 s
[TRACE] PilStark: --> STARK_STEP_Q starting...
[TRACE] PilStark: --> STARK_CALCULATE_QUOTIENT_POLYNOMIAL starting...
[TRACE] PilStark: <-- STARK_CALCULATE_QUOTIENT_POLYNOMIAL done: 0.844338 s
[TRACE] PilStark: --> STARK_COMMIT_QUOTIENT_POLYNOMIAL starting...
[TRACE] PilStark: <-- STARK_COMMIT_QUOTIENT_POLYNOMIAL done: 1.311711 s
[TRACE] PilStark: <-- STARK_STEP_Q done: 2.156075 s
[TRACE] PilStark: --> STARK_STEP_EVALS starting...
[TRACE] PilStark: <-- STARK_STEP_EVALS done: 0.033722 s
[TRACE] PilStark: --> STARK_STEP_FRI starting...
[TRACE] PilStark: --> COMPUTE_FRI_POLYNOMIAL starting...
[TRACE] PilStark: <-- COMPUTE_FRI_POLYNOMIAL done: 0.202926 s
[TRACE] PilStark: --> STARK_FRI_FOLDING starting...
[TRACE] PilStark: <-- STARK_FRI_FOLDING done: 0.210929 s
[TRACE] PilStark: --> STARK_FRI_QUERIES starting...
[TRACE] PilStark: <-- STARK_FRI_QUERIES done: 0.309054 s
[TRACE] PilStark: <-- STARK_STEP_FRI done: 0.722944 s
[TRACE] PilStark: <-- STARK_PROOF done: 5.002996 s
2026-09-15T01:29:54.404426Z proofman::recursion DEBUG: <<< GEN_RECURSIVE_PROOF_Recursive2 [0:0] (5019ms)
2026-09-15T01:29:54.404497Z proofman::recursion DEBUG: >>> GEN_RECURSIVE_PROOF_Recursive2 [0:0]
[TRACE] PilStark: --> STARK_PROOF starting...
[TRACE] PilStark: --> STARK_STEP_0 starting...
[TRACE] PilStark: <-- STARK_STEP_0 done: 0.000140 s
[TRACE] PilStark: --> STARK_STEP_1 starting...
[TRACE] PilStark: <-- STARK_STEP_1 done: 1.589219 s
[TRACE] PilStark: --> STARK_STEP_2 starting...
[TRACE] PilStark: --> STARK_CALCULATE_WITNESS_STD starting...
[TRACE] PilStark: <-- STARK_CALCULATE_WITNESS_STD done: 0.025140 s
[TRACE] PilStark: --> CALCULATE_IM_POLS starting...
[TRACE] PilStark: <-- CALCULATE_IM_POLS done: 0.000001 s
[TRACE] PilStark: --> STARK_COMMIT_STAGE_2 starting...
[TRACE] PilStark: <-- STARK_COMMIT_STAGE_2 done: 0.573286 s
[TRACE] PilStark: <-- STARK_STEP_2 done: 0.598451 s
[TRACE] PilStark: --> STARK_STEP_Q starting...
[TRACE] PilStark: --> STARK_CALCULATE_QUOTIENT_POLYNOMIAL starting...
[TRACE] PilStark: <-- STARK_CALCULATE_QUOTIENT_POLYNOMIAL done: 0.838397 s
[TRACE] PilStark: --> STARK_COMMIT_QUOTIENT_POLYNOMIAL starting...
[TRACE] PilStark: <-- STARK_COMMIT_QUOTIENT_POLYNOMIAL done: 1.841223 s
[TRACE] PilStark: <-- STARK_STEP_Q done: 2.679649 s
[TRACE] PilStark: --> STARK_STEP_EVALS starting...
[TRACE] PilStark: <-- STARK_STEP_EVALS done: 0.030923 s
[TRACE] PilStark: --> STARK_STEP_FRI starting...
[TRACE] PilStark: --> COMPUTE_FRI_POLYNOMIAL starting...
[TRACE] PilStark: <-- COMPUTE_FRI_POLYNOMIAL done: 0.181885 s
[TRACE] PilStark: --> STARK_FRI_FOLDING starting...
[TRACE] PilStark: <-- STARK_FRI_FOLDING done: 0.255623 s
[TRACE] PilStark: --> STARK_FRI_QUERIES starting...
[TRACE] PilStark: <-- STARK_FRI_QUERIES done: 0.686290 s
[TRACE] PilStark: <-- STARK_STEP_FRI done: 1.123828 s
[TRACE] PilStark: <-- STARK_PROOF done: 6.023796 s
2026-09-15T01:30:00.433494Z proofman::recursion DEBUG: <<< GEN_RECURSIVE_PROOF_Recursive2 [0:0] (6029ms)
2026-09-15T01:30:00.433526Z proofman::recursion DEBUG: >>> GENERATE_WITNESS_AGGREGATION
2026-09-15T01:30:00.455627Z proofman::recursion DEBUG: <<< GENERATE_WITNESS_AGGREGATION (22ms)
2026-09-15T01:30:00.455665Z proofman::recursion DEBUG: >>> GEN_RECURSIVE_PROOF_Recursive2 [0:0]
[TRACE] PilStark: --> STARK_PROOF starting...
[TRACE] PilStark: --> STARK_STEP_0 starting...
[TRACE] PilStark: <-- STARK_STEP_0 done: 0.000121 s
[TRACE] PilStark: --> STARK_STEP_1 starting...
[TRACE] PilStark: <-- STARK_STEP_1 done: 1.848829 s
[TRACE] PilStark: --> STARK_STEP_2 starting...
[TRACE] PilStark: --> STARK_CALCULATE_WITNESS_STD starting...
[TRACE] PilStark: <-- STARK_CALCULATE_WITNESS_STD done: 0.025181 s
[TRACE] PilStark: --> CALCULATE_IM_POLS starting...
[TRACE] PilStark: <-- CALCULATE_IM_POLS done: 0.000002 s
[TRACE] PilStark: --> STARK_COMMIT_STAGE_2 starting...
[TRACE] PilStark: <-- STARK_COMMIT_STAGE_2 done: 0.476472 s
[TRACE] PilStark: <-- STARK_STEP_2 done: 0.501680 s
[TRACE] PilStark: --> STARK_STEP_Q starting...
[TRACE] PilStark: --> STARK_CALCULATE_QUOTIENT_POLYNOMIAL starting...
[TRACE] PilStark: <-- STARK_CALCULATE_QUOTIENT_POLYNOMIAL done: 0.861761 s
[TRACE] PilStark: --> STARK_COMMIT_QUOTIENT_POLYNOMIAL starting...
[TRACE] PilStark: <-- STARK_COMMIT_QUOTIENT_POLYNOMIAL done: 0.997076 s
[TRACE] PilStark: <-- STARK_STEP_Q done: 1.858865 s
[TRACE] PilStark: --> STARK_STEP_EVALS starting...
[TRACE] PilStark: <-- STARK_STEP_EVALS done: 0.029113 s
[TRACE] PilStark: --> STARK_STEP_FRI starting...
[TRACE] PilStark: --> COMPUTE_FRI_POLYNOMIAL starting...
[TRACE] PilStark: <-- COMPUTE_FRI_POLYNOMIAL done: 0.169383 s
[TRACE] PilStark: --> STARK_FRI_FOLDING starting...
[TRACE] PilStark: <-- STARK_FRI_FOLDING done: 0.237175 s
[TRACE] PilStark: --> STARK_FRI_QUERIES starting...
[TRACE] PilStark: <-- STARK_FRI_QUERIES done: 0.026266 s
[TRACE] PilStark: <-- STARK_STEP_FRI done: 0.432856 s
[TRACE] PilStark: <-- STARK_PROOF done: 4.673005 s
2026-09-15T01:30:05.134200Z proofman::recursion DEBUG: <<< GEN_RECURSIVE_PROOF_Recursive2 [0:0] (4678ms)
2026-09-15T01:30:05.135770Z proofman::proofman INFO: <<< GENERATING_INNER_PROOFS (240476ms)
2026-09-15T01:30:05.135780Z proofman::proofman DEBUG: >>> GET_OUTER_RANK
2026-09-15T01:30:05.135783Z proofman::proofman DEBUG: <<< GET_OUTER_RANK (0ms)
2026-09-15T01:30:05.135803Z proofman::proofman DEBUG: >>> GENERATING_WORKER_RMA_COMPRESSED_PROOFS
2026-09-15T01:30:05.135998Z proofman::proofman DEBUG: <<< GENERATING_WORKER_RMA_COMPRESSED_PROOFS (0ms)
2026-09-15T01:30:05.136269Z proofman::recursion INFO: >>> GENERATE_VADCOP_FINAL_PROOF
2026-09-15T01:30:05.136352Z proofman::recursion DEBUG: >>> GENERATE_VADCOP_FINAL_PROOF_WITNESS
2026-09-15T01:30:05.150551Z proofman::recursion DEBUG: <<< GENERATE_VADCOP_FINAL_PROOF_WITNESS (14ms)
2026-09-15T01:30:05.150572Z proofman::recursion DEBUG: >>> GEN_RECURSIVE_PROOF_VadcopFinal [0:0]
[TRACE] PilStark: --> STARK_PROOF starting...
[TRACE] PilStark: --> STARK_STEP_0 starting...
[TRACE] PilStark: <-- STARK_STEP_0 done: 0.000024 s
[TRACE] PilStark: --> STARK_STEP_1 starting...
[TRACE] PilStark: <-- STARK_STEP_1 done: 1.555799 s
[TRACE] PilStark: --> STARK_STEP_2 starting...
[TRACE] PilStark: --> STARK_CALCULATE_WITNESS_STD starting...
[TRACE] PilStark: <-- STARK_CALCULATE_WITNESS_STD done: 0.012044 s
[TRACE] PilStark: --> CALCULATE_IM_POLS starting...
[TRACE] PilStark: <-- CALCULATE_IM_POLS done: 0.000002 s
[TRACE] PilStark: --> STARK_COMMIT_STAGE_2 starting...
[TRACE] PilStark: <-- STARK_COMMIT_STAGE_2 done: 0.524163 s
[TRACE] PilStark: <-- STARK_STEP_2 done: 0.536237 s
[TRACE] PilStark: --> STARK_STEP_Q starting...
[TRACE] PilStark: --> STARK_CALCULATE_QUOTIENT_POLYNOMIAL starting...
[TRACE] PilStark: <-- STARK_CALCULATE_QUOTIENT_POLYNOMIAL done: 0.834661 s
[TRACE] PilStark: --> STARK_COMMIT_QUOTIENT_POLYNOMIAL starting...
[TRACE] PilStark: <-- STARK_COMMIT_QUOTIENT_POLYNOMIAL done: 0.905144 s
[TRACE] PilStark: <-- STARK_STEP_Q done: 1.739833 s
[TRACE] PilStark: --> STARK_STEP_EVALS starting...
[TRACE] PilStark: <-- STARK_STEP_EVALS done: 0.015744 s
[TRACE] PilStark: --> STARK_STEP_FRI starting...
[TRACE] PilStark: --> COMPUTE_FRI_POLYNOMIAL starting...
[TRACE] PilStark: <-- COMPUTE_FRI_POLYNOMIAL done: 0.160346 s
[TRACE] PilStark: --> STARK_FRI_FOLDING starting...
[TRACE] PilStark: <-- STARK_FRI_FOLDING done: 0.163908 s
[TRACE] PilStark: --> STARK_FRI_QUERIES starting...
[TRACE] PilStark: <-- STARK_FRI_QUERIES done: 0.157576 s
[TRACE] PilStark: <-- STARK_STEP_FRI done: 0.481864 s
[TRACE] PilStark: <-- STARK_PROOF done: 4.330966 s
2026-09-15T01:30:09.556763Z proofman::recursion DEBUG: <<< GEN_RECURSIVE_PROOF_VadcopFinal [0:0] (4406ms)
2026-09-15T01:30:09.556775Z proofman::recursion INFO: <<< GENERATE_VADCOP_FINAL_PROOF (4420ms)
2026-09-15T01:30:09.556785Z proofman::recursion INFO: >>> GENERATE_VADCOP_FINAL_COMPRESSED_PROOF
2026-09-15T01:30:09.556803Z proofman::recursion DEBUG: >>> GENERATE_VADCOP_FINAL_COMPRESSED_PROOF_WITNESS
2026-09-15T01:30:09.564351Z proofman::recursion DEBUG: <<< GENERATE_VADCOP_FINAL_COMPRESSED_PROOF_WITNESS (7ms)
2026-09-15T01:30:09.564370Z proofman::recursion DEBUG: >>> GEN_RECURSIVE_PROOF_VadcopFinalCompressed [0:0]
[TRACE] PilStark: --> STARK_PROOF starting...
[TRACE] PilStark: --> STARK_STEP_0 starting...
[TRACE] PilStark: <-- STARK_STEP_0 done: 0.000030 s
[TRACE] PilStark: --> STARK_STEP_1 starting...
[TRACE] PilStark: <-- STARK_STEP_1 done: 0.909311 s
[TRACE] PilStark: --> STARK_STEP_2 starting...
[TRACE] PilStark: --> STARK_CALCULATE_WITNESS_STD starting...
[TRACE] PilStark: <-- STARK_CALCULATE_WITNESS_STD done: 0.006445 s
[TRACE] PilStark: --> CALCULATE_IM_POLS starting...
[TRACE] PilStark: <-- CALCULATE_IM_POLS done: 0.000002 s
[TRACE] PilStark: --> STARK_COMMIT_STAGE_2 starting...
[TRACE] PilStark: <-- STARK_COMMIT_STAGE_2 done: 0.263760 s
[TRACE] PilStark: <-- STARK_STEP_2 done: 0.270235 s
[TRACE] PilStark: --> STARK_STEP_Q starting...
[TRACE] PilStark: --> STARK_CALCULATE_QUOTIENT_POLYNOMIAL starting...
[TRACE] PilStark: <-- STARK_CALCULATE_QUOTIENT_POLYNOMIAL done: 0.350441 s
[TRACE] PilStark: --> STARK_COMMIT_QUOTIENT_POLYNOMIAL starting...
[TRACE] PilStark: <-- STARK_COMMIT_QUOTIENT_POLYNOMIAL done: 0.488970 s
[TRACE] PilStark: <-- STARK_STEP_Q done: 0.839440 s
[TRACE] PilStark: --> STARK_STEP_EVALS starting...
[TRACE] PilStark: <-- STARK_STEP_EVALS done: 0.008618 s
[TRACE] PilStark: --> STARK_STEP_FRI starting...
[TRACE] PilStark: --> COMPUTE_FRI_POLYNOMIAL starting...
[TRACE] PilStark: <-- COMPUTE_FRI_POLYNOMIAL done: 0.095191 s
[TRACE] PilStark: --> STARK_FRI_FOLDING starting...
[TRACE] PilStark: <-- STARK_FRI_FOLDING done: 0.108702 s
[TRACE] PilStark: --> STARK_FRI_QUERIES starting...
[TRACE] PilStark: <-- STARK_FRI_QUERIES done: 0.405849 s
[TRACE] PilStark: <-- STARK_STEP_FRI done: 0.609776 s
[TRACE] PilStark: <-- STARK_PROOF done: 2.642850 s
2026-09-15T01:30:12.258218Z proofman::recursion DEBUG: <<< GEN_RECURSIVE_PROOF_VadcopFinalCompressed [0:0] (2693ms)
2026-09-15T01:30:12.258228Z proofman::recursion INFO: <<< GENERATE_VADCOP_FINAL_COMPRESSED_PROOF (2701ms)
2026-09-15T01:30:12.258402Z proofman::proofman INFO: >>> VERIFYING_VADCOP_FINAL_PROOF
2026-09-15T01:30:12.260219Z proofman_verifier::verifier DEBUG: Verifying proof
2026-09-15T01:30:12.264523Z proofman_verifier::verifier DEBUG: Verifying Quotient polynomial
2026-09-15T01:30:12.264855Z proofman_verifier::verifier DEBUG: Quotient polynomial verification passed
2026-09-15T01:30:12.264860Z proofman_verifier::verifier DEBUG: Verifying final polynomial
2026-09-15T01:30:12.264904Z proofman_verifier::verifier DEBUG: Final polynomial verification passed
2026-09-15T01:30:12.264905Z proofman_verifier::verifier DEBUG: Proof verification succeeded
2026-09-15T01:30:12.264946Z proofman::proofman INFO: <<< VERIFYING_VADCOP_FINAL_PROOF (6ms)
2026-09-15T01:30:12.264949Z proofman::proofman INFO: ··· ✓ Vadcop Final proof was verified
2026-09-15T01:30:12.265038Z proofman_common::global_info DEBUG: ··· Loading GlobalInfo JSON [ZISK_HOME]/provingKey
2026-09-15T01:30:12.711735Z cargo_zisk::commands::dev::prove INFO: --- PROVE SUMMARY ------------------------
2026-09-15T01:30:12.775974Z cargo_zisk::commands::dev::prove INFO: Proof Time: 306.322 seconds
2026-09-15T01:30:12.775988Z cargo_zisk::ux INFO: Execution completed in 306322ms, steps: 679
2026-09-15T01:30:12.775989Z cargo_zisk::ux INFO: Execution summary: Proofman 306318ms + Execution 1ms + Count&Plan 1ms + Count&Plan MO 0ms
real 674.56
user 5412.34
sys 68.70
         19599966208  maximum resident set size
                   0  average shared memory size
                   0  average unshared data size
                   0  average unshared stack size
             6097626  page reclaims
              102453  page faults
                   0  swaps
                   0  block input operations
                   0  block output operations
                   1  messages sent
                   0  messages received
                   0  signals received
               18438  voluntary context switches
            10054479  involuntary context switches
     102956213818730  instructions retired
      16116942409576  cycles elapsed
         40687925296  peak memory footprint
